,BLCACcorr,BLCACgene,BLCAScorr,BLCASgene,BRCACcorr,BRCACgene,BRCAScorr,BRCASgene,CRCCcorr,CRCCgene,CRCScorr,CRCSgene,CESCCcorr,CESCCgene,CESCScorr,CESCSgene,ESCACcorr,ESCACgene,ESCAScorr,ESCASgene,GBMCcorr,GBMCgene,GBMScorr,GBMSgene,HNSCCcorr,HNSCCgene,HNSCScorr,HNSCSgene,KIRCCcorr,KIRCCgene,KIRCScorr,KIRCSgene,KIRPCcorr,KIRPCgene,KIRPScorr,KIRPSgene,LGGCcorr,LGGCgene,LGGScorr,LGGSgene,LIHCCcorr,LIHCCgene,LIHCScorr,LIHCSgene,LUADCcorr,LUADCgene,LUADScorr,LUADSgene,LUSCCcorr,LUSCCgene,LUSCScorr,LUSCSgene,OVCcorr,OVCgene,OVScorr,OVSgene,PAADCcorr,PAADCgene,PAADScorr,PAADSgene,PRADCcorr,PRADCgene,PRADScorr,PRADSgene,SKCMCcorr,SKCMCgene,SKCMScorr,SKCMSgene,STADCcorr,STADCgene,STADScorr,STADSgene,THCACcorr,THCACgene,THCAScorr,THCASgene,UCECCcorr,UCECCgene,UCECScorr,UCECSgene
0,0.325722480334,PEBP1,0.0112470559655,DES,0.405913520365,PEBP1,0.0623912894801,IGLL5,0.0488384144461,RPLP2,0.000289762609151,SFRP2,0.536948292168,HMGB1,-0.0629431139223,IGLL5,0.351388488438,SNRPG,-0.0936174711017,DES,0.204380610787,DHX9,-0.0788064077567,F13A1,0.445793889531,BANF1,0.0410736046377,CXCL9,0.133668249495,NDUFB10,-0.00216575790496,LUM,0.108094980256,ALDH1A1,0.145953111237,CCL18,0.120107661102,ILF3,0.0890648609226,CHI3L1,0.137460184546,PEBP1,0.144698956433,PTGDS,0.281535232198,TMEM256,-0.0225161746317,SCGB1A1,0.424549863378,NELFCD,-0.0870920056383,IGLL5,0.454372784371,RHBDD2,0.00262606067071,IGLL5,5.47792257378e-05,OCIAD2,-0.00549935104822,CTRB2,0.166461857062,RPS7,0.00775959009145,LTF,0.551509792584,RPS3,-0.0648018300554,IGLL5,0.246455318843,SLC3A2,-0.0626492030222,DES,0.174851326599,TMEM9,0.0513709060957,SFTPB,0.444474586385,PCBP2,0.00207142322925,IGLL5
1,0.335137984072,CLDN7,0.0411559955709,SFRP2,0.45476511506,RTN3,0.0408681314639,CCL19,0.313411036213,PRSS8,-0.0211241124685,IGLL5,0.0734145563343,S100A13,0.0594834547384,CXCL9,0.203046915082,SLC1A5,-0.0675162352251,PTGDS,-0.0539088835824,TSPAN7,0.0171111170708,PI3,0.0585496865687,MAL2,-0.00596458500794,LYZ,0.198429376394,C14orf2,0.0162355881748,DCN,0.514457364666,HSPD1,-0.0815750921237,CHIT1,0.246344933361,RPL7A,0.11754534649,MAOB,0.403733933924,ECI2,-0.00211739152745,DCN,0.507518222509,PABPC1,0.109430331247,SFTPC,0.622857907114,SET,0.0339045999055,CD79A,0.132252574527,RPS4X,0.0605060193806,SFRP2,0.0677359429556,HSPA1B,-0.060001607281,CPB1,0.171598194801,ENTPD5,0.0637145270957,KRT15,0.248252631316,RSL1D1,0.0758523380999,CCL19,0.272587079711,ATP1B1,0.0202331491576,MYH11,0.236073241458,CERS2,-0.097361082493,LYZ,0.0827290701434,KRT7,-0.0876864334628,SFRP4
2,0.352021034055,DNM2,-0.0476968430129,POSTN,0.0699962351285,HIST1H1C,-0.0287227785235,PTGDS,0.17581735901,TMEM141,-0.0366024042154,CCL18,0.577244314798,TMEM14C,0.132245787176,MZB1,0.516993065199,SET,-0.040836385508,IGLL5,0.246972772989,HNRNPM,-0.026701073531,SAA2,0.330822246688,IRF6,0.0475111736373,CXCL10,0.193860824362,ATP1B1,0.324359411331,C1S,0.412422071059,PPDPF,0.144046349471,LYZ,0.382413530303,SEPT3,0.0582287101829,MBP,0.232508817303,RBP4,0.00962392325055,LUM,0.268228582519,MZT2B,-0.0795532198106,CCL19,0.58108909984,TUBB4B,0.0781370623411,MZB1,0.376468269558,POLR2J,-0.0130470627095,FN1,0.153800437353,ERBB3,0.113361737405,CELA3A,0.488278852188,CYC1,-0.0591849616477,WFDC2,0.361479529569,CCND1,0.100787862197,CCL21,0.50645921714,RPN2,0.0123685406284,HSPB6,0.0867943492162,TMEM205,-0.0890916728318,LUM,0.354902645555,PDAP1,-0.0380550872369,CD3D
3,0.382431901701,MIF,-0.00778448958808,CHI3L1,0.483825834748,JUP,0.0504490587513,CXCL9,0.252105802338,FAM3D,0.142146355186,GREM1,0.0877112898795,IGFBP3,0.0301110193822,KRT13,0.350215032558,PRDX2,0.0879773740187,C3,0.298267655885,DDX39B,0.00806554210904,S100A8,0.169191219067,CBR1,0.0959940446175,GBP5,0.0398697982782,RPS28,0.192667477181,CP,0.270239474103,DDX39B,-0.00652232180824,SAA1,0.357363763179,VPS51,-0.00645868271338,MAL,0.317168813793,POR,0.0191175403789,CCL21,0.300666419872,NDUFB11,0.114799866577,LTF,0.34896497769,MAZ,0.0644251165331,CCL19,0.443272214391,RPSA,-0.106225490808,THBS2,0.0563164582213,H1F0,-0.0708730631666,CPA1,0.319520978437,ARL6IP1,0.0188392866604,KRT5,0.327365549194,HSP90AA1,0.0997652654796,MZB1,0.286919918779,SNRPG,0.104962349472,CNN1,0.179282979952,C7orf50,-0.0300435213631,CXCL14,0.582071392443,PRKCSH,0.0606425669105,UBD
4,0.387009198121,NDUFA7,-0.0795631202955,IGLL5,0.310429338425,ALDOA,0.00266563338373,MUCL1,0.315531034527,MRPL12,0.0611992787501,COL10A1,0.304293628446,OCIAD2,0.0287004585994,PTGDS,0.594156461427,C1orf43,-0.00925837875004,CXCL9,0.431810879897,FBL,-0.00152198057485,SAA1,0.296890930384,LSM7,0.0712468710148,CCL18,0.181476215806,LGALS3,0.0267787468946,IGLL5,0.58512434301,RALY,0.0439877932892,C2,0.308182907143,CIRBP,0.425620960544,EMP3,0.260602885117,ANG,0.135637563262,PLA2G2A,0.25944060324,IDH2,-0.0106052639803,CXCL13,0.532137703185,C17orf89,0.0210457063279,PTGDS,0.667543045376,RAD23A,-0.0498622135204,COL10A1,0.161525634067,SGSM3,-0.0895001287265,C7,0.126734387384,SMCO4,-0.0454602104718,TRIM29,0.281720676407,RPL3,0.0784796804285,CD3E,0.322659736848,NQO1,-0.0685932911402,ACTG2,0.314047007935,COX6A1,0.154716521362,CHI3L1,0.447601609753,GPI,0.065486289269,CCL5
5,0.272451363404,PFN2,-0.101428017945,C1QB,0.474896542298,TMED2,0.0739469674189,LTF,0.263454641655,ERBB3,-0.018579435622,CCL21,0.562067626632,TMEM123,0.202100045196,S100A8,0.431388474477,RAD21,0.00579768182066,CCL21,0.0198877529055,HNRNPA1,-0.0292119834496,LTF,0.380162497704,SHMT2,0.0114321494545,CCL21,-0.00333133046912,ATP1A1,-0.024107141551,CD3E,0.335835058807,RNPS1,-0.0997420679138,GPNMB,0.0214434486077,MAZ,-0.0151549009809,TPPP3,0.327775771661,FDPS,-0.0458092888718,AEBP1,0.332106216695,TOMM20,0.125232751791,CD79A,0.432930650439,RCN2,0.0811311000454,LTF,0.318462961564,GSTP1,-0.0193898691093,SFRP4,0.329280577791,TUBB4B,-0.0177446511085,CTRB1,0.0874406042767,RPS15,-0.0443833950404,LCN2,0.399366160604,MDH2,0.00701216449769,CXCL9,0.16404224974,ID1,0.0117787571175,SFRP2,0.089069268588,TXNL1,-0.071951380915,DCN,0.604580783881,ILF3,0.0419769908162,MZB1
6,0.132199527194,LAMA5,-0.102065205178,C1QA,0.407414725004,KRT19,0.0530138896817,CD3E,0.347786269075,NME1,0.0558219766184,C3,0.450401274114,AHCY,0.149369273662,CXCL10,0.475778598132,AHSA1,-0.0860856987177,GREM1,0.25739671281,HEPN1,-0.00570860883296,S100A9,0.151903737899,EBP,0.00668811917154,IGLL5,0.172055432771,C12orf75,0.0533094835854,CXCL9,0.268829321451,TSTD1,0.0233692875826,PTGDS,0.137299986804,LUC7L3,0.221032031717,SDC4,0.330111685741,BHMT2,-0.0794283552393,CRP,0.411694451304,DPY30,-0.0730744614231,CHIT1,0.259459547904,CDK4,0.022638310593,CCL21,0.401832537959,NDUFB1,0.0699887609775,LYZ,0.399197152342,BLCAP,-0.168171634848,SFRP4,0.166324015739,RPL29,-0.084654702151,PGM5,0.184015654448,CD320,0.0245837171331,PTPRCAP,0.453215025387,EIF2AK1,0.011886019479,CCL21,0.112754410838,CIRBP,0.127645529453,FN1,0.327285029143,H2AFY,0.138443328145,LYZ
7,0.262201478326,MPZL2,-0.00284589429771,CD163,0.0849765605675,AGR2,-0.0164090698515,CD52,0.329922857923,PFDN6,-0.0439585387952,CCDC80,0.431527640113,COX6C,0.0589422619228,CXCL13,0.231751786837,MYC,0.107790145595,CNN1,0.259693008887,H1FX,0.248870816288,CHI3L1,0.435579636885,ILF2,0.0560579335618,C1QB,0.0142319224744,NDUFS3,-0.0386892233298,CD3D,0.200915241267,SRRM2,-0.00840401921003,LTF,0.154246178635,RPL6,0.0562472759096,CNDP1,0.136289101983,AADAC,-0.191875041499,C7,0.539256535276,LTBR,0.0384295455393,SFTPA1,0.357211835006,PCNA,-0.100174340838,SFTPB,0.368918585426,CCT4,-0.0486952988817,LUM,0.346108956252,MIEN1,0.112504503789,CLPS,0.122660924171,CORO1B,0.0157423555701,KRT7,0.547924004555,EIF3B,0.0497676970525,NKG7,0.341721728753,TSTA3,0.0936699936282,GREM1,0.0758421825228,PDIA3,0.079214302801,PDZK1IP1,0.402778954647,KLHDC3,0.123471992973,NKG7
8,0.192236594551,DDR1,0.151549867044,NNMT,0.326943194032,PIGT,0.0580133609927,IL2RG,0.196802093583,KRTCAP3,-0.092788428416,GPNMB,0.403897855172,RANBP1,0.107454124687,CCL19,0.46465450213,DUS1L,0.0209829077745,MYH11,-0.0222078767056,FHL1,-0.0607763562491,CD163,0.431453171181,HSPD1,0.0439610688239,C1QA,0.117971655379,PCBD1,0.00155446201608,C7,0.525988496644,TNFSF13,0.0123529037838,APOC1,0.190763126268,RPSA,0.207628502147,FXYD1,0.305666400881,FAM213A,-0.127951836683,COL1A1,0.40961447762,FDPS,0.0729785993368,MMP7,0.340949590372,AHCY,0.0157008095685,LYZ,0.438260970819,HMGN3,-0.0349441987214,VCAN,0.306106967579,POLD2,0.0260330734667,PPY,0.175900308085,ERGIC1,0.0252867507296,CFB,0.540551480003,UBAP2L,0.066569076591,CD3D,0.374605143496,TUBB4B,-0.0410996141668,CCDC80,0.00408063209979,CPQ,-0.0311147242453,COL1A1,0.181592414398,SRSF3,-0.0194941900534,SERPINA1
9,0.251066227762,CSTB,-0.0277903733221,CNN1,0.33280029687,KRT8,-0.00852995985607,SAA1,0.376529396289,TMEM176A,0.0334415549351,THBS2,0.369783193212,GPI,0.0668371879822,CXCL11,0.179253664972,SDC1,-0.0470640223079,ACTG2,0.0918156476841,HNRNPH1,0.139369221179,SLPI,0.118909129613,HSPA1B,0.0663731380897,C1QC,0.183682629676,IDH2,0.107871182723,TGFBI,0.267889699788,SRSF5,0.0205759983423,MS4A4A,0.354315868189,RPS24,0.0189035710541,SERPINA3,0.313079981131,MPST,0.147148044601,TIMP1,0.431838390314,LDHB,-0.0134617470396,PTGDS,0.315318883844,TSTD1,0.119620910448,CXCL13,0.425290544736,RPS5,-0.057834304865,MZB1,0.00918923430856,PRR15L,0.0414981722415,PNLIP,0.114713945906,EEF2,0.00905610637089,KRT17,0.455154873548,CSNK1E,0.0518475210518,IL2RG,0.481043799168,ILF2,-0.0373215196998,PTGDS,0.190539703428,WBP1,0.0360861943027,CFB,0.357001561086,CYB5A,-0.0431283665897,CD3E
10,0.317420175696,TMEM134,0.0397239042645,CCL18,0.46308678706,CCT5,-0.0532186805859,CCL5,0.198422218694,PDHA1,0.138436475906,SFRP4,0.37616465422,TRA2B,0.0250104534065,CCL18,0.200285366329,SFN,0.00770125956423,SFRP2,0.0330870567499,RBMX,-0.0355569418471,FOLR2,0.683418153673,CTTN,0.075759770364,CHI3L1,-0.0356930808178,NDUFA1,0.0647964825701,CD8A,0.0111085663506,FUS,0.119659404688,CD163,0.130166908024,SNRNP200,-0.0368667733308,MAG,0.13430420847,EBP,-0.0173521028646,CCDC80,0.442593512997,SNRPB,0.0330058518601,CTSE,0.424532808179,NOP56,-0.0882226855732,DERL3,0.283953886345,ATP5J2,-0.0554476923491,COL8A1,0.295665054606,TPD52,0.11919858347,CTRC,0.436721954561,MRPS33,-0.0748368812037,MYH11,0.269692606999,RPL5,-0.00667251715067,CXCL13,0.53298611054,ALG3,0.0389386928245,CD79A,0.30223965695,TOMM20,-0.0711732097122,C1R,0.26477436554,ANP32A,0.114752490287,GZMA
11,0.346196971506,WBP1,0.0258389989203,FCGR3A,0.32175381076,BUB3,0.0297127775339,MFAP4,0.407814957758,DGAT1,-0.0640373151504,FCGR3A,0.52414124115,H2AFZ,0.105285806333,GBP5,0.418196962532,HMGB1,0.0215398258198,C1QA,0.0822975678382,NCL,0.0583828467505,HAMP,0.3039931342,MRPS24,0.333764309386,CD74,-0.0905452183749,NDUFV1,0.112413700625,CD2,0.324242916822,SPATS2L,0.0307780329065,FOLR2,0.228690623373,KHDRBS3,-0.00787113789896,CLDN11,0.287108425738,CFHR2,0.0306166237258,HAMP,0.280857206123,JUP,0.0830875338163,CD37,0.212263538215,TMEM106C,-0.0315734472459,SERPINA1,0.33188422324,CKB,0.0141931396535,COL11A1,0.47347387728,AP1S1,-0.0137585871539,REG3A,0.3373199338,NEDD4L,0.0127133126216,ACTG2,0.363769796015,RPL4,-0.0835729004465,LTB,0.499094982372,EIF6,0.0617357426644,CXCL13,0.077554782043,PBXIP1,-0.0357957090094,SLPI,0.455120141938,RHEB,0.00692790197639,IL2RG
12,0.355760491042,PTPRF,0.0365628405397,LYZ,0.202748752509,H1F0,-0.156365042495,FABP4,0.291911450428,MPST,0.0480551203268,CD163,0.52022289302,COX7A2L,-0.0693288405018,KRT14,0.228676728458,GSTP1,0.101528036327,CD52,-0.0582020231394,USP11,0.0446726049604,CXCL14,0.326317758785,NDUFS6,-0.0212610988932,MS4A6A,0.266115169093,TMED4,-0.0461191972827,C2,0.466462555073,CUX1,-0.0238048224037,C1QB,0.221373674934,PPP1R14B,0.049536945967,CXCL14,0.268245239307,H1F0,-0.00676593854565,COL3A1,0.255539139313,SNRPG,-0.0674548884078,MARCO,0.4535430151,FBL,0.0729260372803,SAA1,0.421483615805,RPL18A,-0.0546991406349,DCN,0.0355495000781,GALE,0.00767093316368,CCL21,0.0579103652458,PKN1,0.0469562940887,DES,0.58258130564,NDUFS2,0.00455221467505,CD79A,0.147989203634,ATP1A1,0.0363962790226,IGLL5,0.00561755532507,GPX3,-0.0617273338617,SLC34A2,0.535141283524,SLC44A2,0.0244238790937,GZMB
13,0.40060504081,ARL6IP1,-0.0983476214079,C1QC,0.539513959842,CYC1,0.119044650713,UBD,0.286472280209,EPCAM,0.043404359992,SPP1,0.368985206322,ANAPC11,0.116812951725,IDO1,0.329415857514,GPI,-0.00709345786037,MMP9,0.249597347263,PRRC2A,-0.121849273104,CCL2,0.454294298359,ATP1B3,-0.0280583825531,TMEM176B,0.314371825043,TUBB4B,0.00926696055006,THBS2,0.302696765569,APP,-0.0662477836574,FCGR2B,0.615140890944,SNRPE,0.0421378359125,MOBP,0.27408095655,TST,0.0468555870046,EFEMP1,0.203491413279,ATP5G1,0.0239827172659,SFTPA2,0.571047842279,UBA2,-0.114216499311,CCL18,0.249081294085,RPS27A,0.0791177945058,COL1A1,0.292517333997,RHBDD2,-0.0530710254651,SFRP2,0.00237073677073,HIST1H2BK,-0.0340709307913,HSPB8,0.32737448572,TRIM28,0.0893392125218,UBD,0.37166423481,PCNA,-0.0519973719347,MYLK,0.0636844908015,SMIM4,0.00277552778801,C3,0.281903086857,CHD4,0.0100759519378,CD52
14,0.32356995706,NT5DC2,-0.00445201456514,CXCL10,0.147722207898,DHCR24,-0.0257531461112,DPT,0.551715617949,DYNLRB1,-0.0266565898629,APOE,0.320173280405,RPL35A,0.0765519015227,C1QB,0.0729529534929,ANXA4,0.00340233306556,CD37,0.508978375803,MARS,-0.0543368148641,LYZ,0.159098245289,RPL36A,0.0831880675969,SERPING1,0.0177928643449,NDUFA13,0.00821706523424,COL1A1,0.226268795417,AGRN,-0.00447307950526,CTSS,0.318991773317,EIF3E,-0.0223583362473,ERMN,0.414212189049,C4BPB,0.0332863090449,COL1A2,0.333540581451,HDGF,0.200620072854,TPSAB1,0.168467034585,PTDSS1,-0.00868461746028,SFTPC,0.454934365359,EEF1D,0.0759117232677,CXCL9,0.107456622392,CDK10,0.00978702556936,REG1B,0.340117048965,ATP6V0E2,0.0301781076881,PAGE4,0.293712071705,H2AFZ,0.00574115754415,CCL5,0.496757683711,HSP90AB1,-0.0642396495105,FHL1,0.305702546728,AHCY,0.0192404473047,CD52,-0.0478324122592,PGK1,-0.0823549087505,PTPRCAP
15,0.368262526454,STAP2,-0.035469734639,ISLR,0.369570350043,PCNA,-0.0645229474609,CD48,0.224285283763,RPL13,-0.00430421440269,DCN,0.412988442021,CALM2,0.0735877365969,C1QA,0.374556648179,PEBP1,-0.0792090430457,CCL18,0.143242577354,MAD2L2,0.086510463067,VSIG4,0.376319277061,CACYBP,0.0791968115092,CTSS,-0.00817480228029,ATP5G3,0.0385416102026,CCL5,0.373293046252,TNFRSF12A,0.0155935405208,UBD,0.155187433202,EIF4B,0.0831982727868,LPAR1,0.232109379932,MST1,0.01661738335,CCL19,0.4032120901,KRTCAP2,0.195418319491,TPSB2,0.23865186561,DDR1,0.162614073111,SFRP2,0.45092434149,HSPD1,0.0708649070886,POSTN,0.0454232615271,EBP,0.0331568007359,INS,0.140868050931,SREBF1,-0.123925978255,MYLK,0.466430861288,CUTA,0.0438276811984,CD52,0.364202974767,ATIC,-0.124812893727,SFRP4,0.164472838329,NDUFC2,0.0599283546285,TACSTD2,0.458682274853,H3F3A,-0.148297577704,C1QB
16,0.309508768066,ACADVL,-0.012786417287,CCDC80,0.395080323374,RBBP4,0.0215339835444,CCL14,0.210185081348,PQBP1,-0.0591223797422,MZB1,0.237652555837,H2AFV,0.0533456911981,LYZ,0.538179025023,ZNF706,0.0113003730515,CCL5,-0.00674045704033,NONO,0.114374028906,CHI3L2,0.294212042338,MRPL51,0.0543553451349,CD52,0.153243505787,ATP6V0C,0.350580659369,C1R,0.477516001141,TRAP1,-0.0274373687519,C1QA,-0.012307076528,RPS4X,0.0874336995961,SPP1,0.0716790744989,PXMP2,0.165577462594,NNMT,0.344061593853,PPP1R14B,0.122639249305,LYZ,0.411324795368,PRDX2,0.0507662239217,CD37,0.382930963249,PABPN1,0.0707029252563,COL3A1,0.112872954316,ECI1,0.176919105779,IGLL5,0.135347442611,HMG20B,-0.0270330926831,PTGDS,0.341219737351,RPL37A,-0.0355450088479,CD27,0.157846643141,STMN1,-0.0587265997415,TAGLN,0.255151770674,HEBP1,-0.0582127555182,NNMT,0.399020270221,DBN1,0.0775926340515,GNLY
17,0.149512595386,S100A6,0.105809275559,FN1,0.362164254158,MRPL24,-0.0470930547663,KRT5,0.561598912117,PABPC1,-0.00204248592446,S100A8,0.490759514287,HSPE1,-0.0816800498576,SFRP4,0.481441269043,SPINT2,0.0289899250508,C1QB,0.112148792643,TUBB2A,0.0505770002893,LUM,0.413088785782,RPL37,0.0204593499785,KRT6C,0.124332254226,TSPAN1,0.0966132224094,IL2RG,0.602619197466,HSBP1,0.049942509482,CD52,0.13058908945,RPL18A,-0.129086499781,FABP5,0.306448047778,TSTD1,0.0723713001266,MMP2,0.325279782436,ERP29,-0.0387906957906,CCL18,0.417237183358,ATP5G1,-0.00120143952484,NAPSA,0.498079625567,UBL5,0.0608892296285,COMP,0.251008947178,ROMO1,0.0401192450994,CCL19,0.191953239997,POLD2,0.0456457678524,CYP27A1,0.439243126844,ANXA5,-0.100612384993,LYZ,0.332574916958,F11R,0.117442242942,MFAP4,0.12182933644,PDIA4,0.0261964764532,DCSTAMP,0.39962377163,MGST3,-0.163603907296,C1QA
18,0.271994735323,PRDX2,-0.00320214197965,SULF1,0.464889355891,CCT2,-0.0187422024508,LYZ,0.591847593742,ENTPD6,-0.0483862001163,FBLN2,0.208339777906,DPM3,0.028378203295,CCL5,0.335006971185,PHB,0.0660080550323,CD53,0.332260665521,HNRNPUL1,-0.0484093274181,TREM1,0.219597825444,H2AFZ,-0.0290732294081,UBD,0.29511166951,BDH2,0.0420361552952,CFH,0.251732437381,TGIF1,-0.0133786817796,C1QC,-0.0600843406655,RBMX,0.206919623964,CHI3L2,0.498974856463,SERPINF2,0.0468284701828,EMILIN1,0.518226555752,POLR2H,0.0493798034003,UBD,0.514031107134,KPNA2,-0.0444634564725,ALOX5AP,0.304778494857,DMKN,0.0822250790846,SERPINF1,0.306418396898,MYH14,0.131137573168,CCDC80,-0.0370930265265,RPL36A,0.0916178873519,MMP7,0.514198116569,POLR1D,0.022552386021,GBP5,0.347715548683,RPS21,0.000747288989382,MGP,0.129799161289,COX8A,-0.0649569364087,SERPINF1,0.273387298704,GGCT,0.0670688646913,ITGB2
19,0.496914271369,WDR6,-0.0865322059168,DCN,0.191007419578,RBBP7,-0.207349122698,COL14A1,0.0531015499638,COX7B,0.0539591438549,MMP2,0.465396917554,DEK,0.113111873885,NKG7,0.549198377999,HSP90AB1,0.0708553031836,SRGN,0.367065694881,DHPS,-0.0306360070417,MS4A4A,0.344003106637,NDUFB9,0.192605632165,GBP1,0.322161904898,CNPPD1,-0.0351033122748,POSTN,0.464433723161,C12orf75,-0.0511115403893,CD48,0.0918459120605,GABBR1,0.136680489032,CBR1,0.231543691857,ITIH2,0.0714358059677,MGP,0.17902370782,NME4,-0.0385218030609,MZB1,0.405023703171,RANBP1,0.0729707036385,IL2RG,0.385335279714,RPL14,0.115326757474,COL5A1,0.258970421921,CPSF1,0.225355644885,CD53,0.0773617148964,MESP1,0.0482672009627,SYNM,0.552144208328,PHB,0.045411450602,CD2,0.36611062517,PPDPF,0.0499491645084,CD37,0.119608851265,LDHB,0.0348972508512,ALOX5,0.401253473645,TRA2B,-0.0193864648154,MS4A6A
20,0.333034375914,SLC39A4,-0.0691361692939,AEBP1,0.146348824134,GSTM3,-0.00763238765698,KRT14,0.431099868481,GGCT,0.0401500882815,CXCL9,0.431152619046,PPP1CB,0.0785524197937,C1QC,0.532452076867,PABPC1,0.0603977808624,C4B,0.422008922138,NOP56,0.0927364959671,PLA2G2A,0.439278847863,GSTP1,-0.121806633482,SPRR2G,-0.0326110687325,HPN,0.119041255522,CD163,0.0600562550893,PDZK1,0.0301256576661,NPL,0.191654611583,EEF1A1,0.0730837594824,TMEM144,-0.0584243998084,METTL7A,0.06869044893,CXCL12,0.502888817785,ENSA,-0.0836534004059,IGLL5,0.0589169320631,SLC3A2,0.155444139521,SLC34A2,0.342677914163,RPL15,0.0525630164151,CTSK,0.359745718953,NDUFA7,-0.050609409073,CXCL12,0.120283696905,STRA13,-0.0154961758099,FLNC,0.377799364006,LDHB,-0.0303428369087,CD8A,0.317275765482,SLC25A39,0.0858300130583,PDLIM3,0.273441317571,TMEM147,-0.0691020944847,C1S,0.0751034119372,MATR3,-0.0483563032543,IL32
21,0.273292191104,CD46,0.0791348905243,C1S,0.228127753644,XBP1,0.132490395848,C1S,0.459702719347,HSPH1,-0.122380805947,POSTN,0.263726601595,COX5B,-0.0720403901847,CD3E,0.550645229683,OLA1,0.176454204622,NNMT,0.238350139282,SNRNP70,-0.0660857842914,RNASE2,0.232375628742,ATP5G1,0.120565855389,ITGB2,0.161476908862,NDUFAB1,0.00797452650031,GZMA,0.258651199259,SF3B1,-0.011961541881,TYROBP,0.0976358057121,RUNDC3A,0.0651490841973,CNTN2,0.239858520922,CEBPA,0.0174615424644,SAA2,0.42485704647,TMED3,0.121073518396,CD52,0.572741608637,ALYREF,0.0975157499609,CD52,0.318092904208,SMIM22,0.000228787631242,MMP9,0.148027972765,ARRDC1,-0.0350624328249,CD37,0.111476117951,MRPL12,0.0247880408378,CNN1,0.518849404831,NHP2,0.0520061732279,FDCSP,0.471146481938,ERGIC3,0.0913682342383,CD52,0.169141762512,CLIC3,0.0550778308264,LCP1,0.30852921142,ARL6IP1,-0.0269488838639,AIF1
22,0.107624367585,SH3GLB2,-0.0460756236482,MMP9,0.546321706614,COA3,0.0658154335563,S100A9,0.50406033917,SLC52A2,0.119639217268,PLA2G2A,0.281436139909,HMGN3,-0.0183213625771,CD3D,0.321764408813,SLC9A3R1,0.0436358065376,CXCL10,0.275791811642,CERS1,0.21387891151,FCGR2B,0.547084500745,ATP5G3,0.0207252401643,SFRP2,0.264664043691,ATP5H,-0.051238217051,C1QB,0.129238719851,PTOV1,0.0344598071656,MS4A6A,0.29986922393,NUMA1,-0.0267971842034,ENPP2,0.516043795591,ASGR1,-0.0699146857877,GGT5,0.577975667125,PUF60,0.110182905792,MFAP4,0.495186609207,TK1,0.196237957086,CD74,0.398063035988,ATPIF1,0.0255105306202,CXCL14,0.124830598751,CAMK2N1,-0.0799809073656,CPA2,0.341122499973,ATP6V1G1,0.0513458176689,NEFH,0.0788149533806,HSPA1B,-0.0230278470866,CD7,0.509595241976,PSMD3,0.0354513507195,C1R,0.00243222458959,TMEM14B,-0.095535743325,KCNN4,0.449625119037,ENSA,-0.0197416723344,LST1
23,0.402801339494,MIEN1,-0.0494729593272,ACTG2,0.356532990679,PRDX2,-0.07185447628,KRT17,0.574535572461,RALY,0.0403327839446,SULF1,0.45522029285,ALYREF,0.125236441652,CD53,0.337338323926,MAL2,-0.0091113679557,TPSAB1,0.0689018959898,ATP1A2,-0.0146170007614,MS4A6A,0.237531089944,SNRPG,0.0612207500628,COL3A1,0.140757099127,KRT18,-0.0100523265265,CST7,0.0971035020047,SNRNP70,-0.0233183738789,LILRB4,0.218436467448,RPL3,-0.176141050066,SERPING1,0.225751116155,MAT1A,-0.163607901641,RGS1,0.286863169457,CACYBP,-0.0397514386023,C1QB,0.0885505074755,SMS,0.163071206462,CD53,0.36912533528,RPS6,0.0781732986326,CXCL12,0.472939441991,GAPDH,0.121649348141,CELA3B,0.139902266351,RPS2,0.0947172508839,MSMB,0.280507117283,RUVBL2,0.0615964072054,IL32,0.492581424221,CPNE1,0.0365470415218,SPARCL1,0.0139891244303,HDAC1,-0.128922351424,SERPINA1,0.276999132201,GNAS,-0.0345564638335,FCGR1A
24,0.314637591089,MGST2,-0.0993794811887,ITGB2,0.27808074968,H2AFZ,0.135122603568,MMP7,0.169236259189,COX5B,-0.0352038206496,COL1A1,0.172889866252,ECI1,0.0919598246563,FCGR3A,0.335641085212,HSP90AA1,-0.0735071944656,LCP1,0.190159643873,VEGFA,0.05861645959,FPR1,0.243842007272,POLD2,0.0660576393195,LCP1,0.14295672935,ATP5O,-0.0819743343026,NKG7,0.216631118844,MGST3,0.107466565521,SERPINF1,0.168189820832,H1FX,-0.0377292940038,MOG,0.219749976087,HMGCS2,-0.0195655595757,BGN,0.30467023446,AHCY,-0.0122027532438,IL2RG,0.517830795688,SMARCD2,0.0130541993439,MMP7,0.201386672774,COX5B,0.115398745159,NNMT,0.207322891525,AGR3,-0.225552904839,COL14A1,0.0904820880357,FAAH,0.0673701520213,PCP4,0.305541572044,LMNA,-0.116843724471,PTPRC,0.147071493555,ODC1,-0.0587477642232,EFEMP1,0.109994820527,HSPA5,-0.0786145634753,CCL18,0.464016087864,CCT5,-0.13550138448,LAPTM5
25,0.369067802868,FDFT1,0.0428521025684,UBD,0.363236936363,CACYBP,0.00338767324327,CD37,0.189316412943,RPS18,-0.0304956229378,ITGB2,0.250713865526,C6orf48,0.217275982519,S100A9,0.174993112541,CEACAM5,0.0522885583441,TYROBP,0.248643319612,SSRP1,0.0808203173328,SPP1,0.133725779441,HSPA1A,0.019595078476,LAPTM5,0.183946273614,NDUFB5,-0.0162998990271,C1QA,0.174855451209,RBPMS,-0.00224209871304,CTSK,0.160751289849,MAPT,0.415822790332,AQP1,0.17923032185,GATM,-0.0590802484368,CCL5,0.435416509823,C1QBP,-0.0247590397031,C1QA,0.155731506868,SLC2A1,-0.024012721699,COL3A1,0.384045480799,TMA7,-0.0495484587854,SERPINE1,0.144204145484,ASS1,0.0600313406995,CEL,-0.0962680994944,GLO1,0.0126688955973,SYNPO2,0.455709918649,NOP56,0.0373578877563,C3,0.360436479544,CCT3,0.110538310169,ISLR,0.218103581865,NME4,0.162552887346,RAC2,0.209040497981,NONO,-0.121130009939,FCER1G
26,0.191501666077,PPDPF,0.0922974022259,MS4A6A,0.321826221451,SDC4,0.0212144746048,HCST,0.0776414432426,ADIRF,0.00969074271992,CD53,0.515618625912,PCNA,0.108753623873,HCST,0.213916903093,TALDO1,0.178857865376,CCDC80,0.26112014436,HNRNPA2B1,-0.0833944504018,SERPINA1,0.525152084344,TOMM20,0.0989606603623,TYROBP,0.168027596661,BHMT,0.135549960119,FCGR1A,0.449565319983,CBX3,-0.101453226382,CCL5,0.324983893737,NCAN,0.124696473685,PADI2,0.343952561125,SERPINA6,-0.028901643445,CD52,0.250834422593,ELF3,0.0907810367064,CD53,0.0217363665429,HSPA1B,-0.0324525060327,C3,0.478378539365,COX7C,0.116513434811,COL5A2,0.272447496387,TSPAN13,-0.17542242088,CCL18,0.165244374906,NME3,-0.126468278917,GSTP1,0.542338214404,CCT2,0.000802436125936,GZMA,0.384710949521,EIF4EBP1,-0.0395098364257,CRYAB,0.0868845895383,TMEM141,0.148027512018,CFH,0.353497645351,CCT3,0.0125155815342,TYROBP
27,0.240054259989,NARF,-0.0699029407848,FCGR1A,0.410014254062,TMEM9,0.090446264055,C3,0.453456516646,MRPS33,-0.0102054952199,CD37,0.457551826522,ATRAID,-0.0808898830177,MS4A6A,0.545006720102,CYC1,-0.0729470413097,MGP,0.464571478258,SET,0.0123161699407,LY96,0.200022181058,SLC2A1,0.0483040295221,CCL5,0.316318333938,NDUFS4,-0.0534680601618,C1QC,0.260131149985,CLIC4,0.0123983600726,CFD,0.324178279005,DGCR2,0.12053318513,GPR37,0.360423716192,SLC25A10,-0.108919849837,CCL2,0.468506191092,PSMD4,0.056080342799,MS4A6A,0.389142619135,NFE2L2,0.029899648553,SFTPA2,0.404509144221,ATRAID,0.0150200053542,MMP2,0.265618658866,SEMA4B,0.0462009024967,MFAP5,0.372369405233,EIF2AK1,0.0549077712964,C3,0.12492450111,GDF15,-0.134421335068,CD48,0.471048123678,COX6C,0.0960657428926,DPYSL3,0.081763611539,MZT2A,0.0267246373932,PTGDS,0.286223234933,CLDN4,0.0784717159828,NNMT
28,0.393813146539,ASCC2,0.0422333112175,PTGDS,0.185482074929,FXYD3,0.0620613601729,CILP,0.5059131693,RPL8,0.0465175077123,SRGN,0.148079050891,ELF3,-0.00301277440961,SRGN,0.00826109153332,TRIM29,0.111277165887,UBD,0.142749097561,FUS,-0.120983002548,RNASE1,0.217637955966,HMGB2,-0.0309067952766,AIF1,0.0626743931891,C11orf54,-0.00955368861976,COL6A3,0.447110633377,CTTN,-0.0695371509691,FCER1G,0.283345814343,RPL7,-0.0378377960897,APLNR,0.291023165399,DHCR24,0.0735241429911,C1QB,0.406359312545,TOMM6,0.0150476837678,SFRP2,0.468478942619,LSM4,-0.0737997144198,RARRES2,0.367356748607,RPL38,0.0092378018061,AEBP1,0.308355207435,PTOV1,0.132229396957,CELA2A,0.0703075720419,CERS4,-0.0635290808389,LMOD1,0.164556915631,H1F0,0.0193775267255,CORO1A,0.160106455724,GPX2,-0.165846762456,MYL9,0.0549811257815,MYL6B,0.0535285146948,ITGB2,0.443662154467,PRDX2,-0.144880043524,C1QC
29,0.454342836728,TOP2B,-0.00333581852948,COL3A1,0.0472963026785,MORF4L2,-0.0463810524373,MZB1,0.261392613277,TSTD1,0.0364436467427,EFEMP1,0.326759265794,SDHA,0.0753267910813,SPRR3,0.477550625209,ILF2,-0.0701063537557,TAGLN,0.242836715905,ATP6V0E2,0.0892923670407,C1QA,0.185789319849,ADM,-0.00918758951424,FCER1G,0.0687282784506,C19orf70,0.00722868405225,COL1A2,0.0899362001817,ATP1A1,0.0512205543852,CD53,0.496120407337,PABPC1,-0.00163860063166,SOX10,0.329033323166,GALK1,-0.104383895874,COTL1,0.185661507005,MDK,-0.0597697057915,ALOX5AP,0.549439781906,PSMD2,0.0166818771975,SFTPA1,0.408512677641,NDUFB9,0.0280754789292,C1QB,0.1035902678,SLC2A1,0.0322587149708,AMY2A,0.102516838728,AP1M2,0.0186997221761,VSIG2,0.480492193699,C1orf43,0.0776171282966,CD74,0.175814972128,HSPA1B,0.0688638684451,C3,0.0493615582013,RNF187,0.101903736297,CD53,0.310696215489,LAPTM4B,0.0118373868257,CXCL10
30,0.13675243054,BTG2,-0.0668061561727,SFRP4,0.431563409242,COX6A1,0.0362581640096,SFRP4,0.590588818796,POLR1D,-0.0154952167276,MMP1,0.100093825035,PGRMC1,0.139625054878,UBD,-0.0512693660598,KRT17,0.0175129165618,SERPING1,0.446912051182,LAPTM4B,-0.0497156168849,COL1A1,0.447197697859,NDUFB5,0.0294498856652,SRGN,0.0517023893908,ETFB,-0.0158386753586,COL3A1,0.54624386566,IDH3B,-0.0743298922352,VSIG4,0.109840761172,NFIX,-0.015242360207,KLK6,0.196212975328,APOB,0.0513211340917,PLTP,0.377649769872,DDT,-0.0396211681328,CCL5,0.460796233734,EIF4A2,0.0607455351202,ITGB2,0.376879878089,RPS10,0.118530220101,ACTA2,0.372422930565,DGAT1,-0.0581450253061,PRSS1,0.06253471991,TRPM8,-0.0224239053819,MYL9,0.44188788625,NME1,0.0586777301736,GZMB,0.343264061482,CYCS,0.0217380420179,C1S,-0.0616537405648,PLVAP,-0.0589230345246,PLAU,0.483366803778,HDGF,-0.0261178596272,CD53
31,0.142094295658,KRT8,0.0707098065699,SERPINA1,0.436905431381,HSPA9,0.0414400756439,S100A8,0.459637993739,C8orf59,-0.0446496824515,COL3A1,0.348888697825,PAFAH1B3,0.0566599204117,CD52,0.332802060255,HSPD1,0.0475686884514,C4A,0.320585894794,HNRNPU,0.105515674547,IGFBP6,0.322504047629,LAPTM4B,0.234194865464,CD14,0.223821907146,UQCRC2,0.0154724523557,VSIG4,0.143025674119,HSP90AA1,0.0373411604302,C3,0.278809440801,H1F0,0.130893489448,ANXA1,0.236731047721,SERPINA5,0.0182018988382,SAA1,0.330087294896,C6orf48,-0.00322174315492,CCL21,0.319917281135,MZT2B,0.080125916094,SRGN,0.48987125751,UBA52,-0.00477561402353,MS4A6A,0.459187779344,ELF3,0.0670079940742,PLA2G1B,0.293232273176,SEC16A,0.0103381498887,HSPB6,0.417699097467,EIF3E,0.021415090682,RAC2,0.371678722279,SNRPE,-0.0228574821226,CCL5,0.0714287283322,PFN2,-0.0992035055651,SLC27A6,0.398669748046,NDUFB9,-0.0592731983989,CORO1A
32,0.235046698119,FXYD3,0.0150926613205,CD53,0.0703965140635,IGFBP2,0.0282711541479,CHI3L1,0.318623508815,RPS7,0.0239375625012,TNC,0.424467206866,STRA13,0.0613201015556,TYROBP,0.539371838753,CCT5,-0.0295146395692,MS4A6A,0.27991603758,CPNE2,0.0443681855187,FCGR3A,0.327969254051,SNRPD1,0.100912004031,CTSK,0.0799659157032,ATP5G1,0.159383202555,FCGR3A,0.494656877109,CLDN7,-0.0155820177741,LUM,0.418547350571,REPIN1,-0.0927877702869,C3,0.34380057524,PCK2,0.0639275038118,C1QA,0.462476772596,C1orf43,0.151897654891,ITGB2,0.527978274268,SNRPD1,-0.0717063539252,CD163,0.331875926549,TIMM17B,-0.0491172057065,FCGR2B,0.00125640163268,MZT2B,-0.0745932261182,CD163,0.147587293989,HID1,0.00821110897382,UBD,0.394987433533,CRTAP,0.025677990438,CD37,0.162327683032,CEACAM5,0.0935156582823,FBLN1,0.141996073423,CANX,0.070202300701,GPNMB,0.53611176648,EIF4G1,0.187260444616,LTB
33,0.140584669012,IDH1,0.0820850997185,CD14,0.260477770635,DCXR,-0.144168653734,CORO1A,0.315129700381,ATP5G1,0.0124543043747,TPSAB1,0.427547149905,PHB,-0.173624375382,GZMB,0.183641179016,DSP,-0.0229445590802,PLA2G2A,0.343664817899,WDR6,-0.137231901641,AIF1,0.362627757385,DDR1,0.0904051005191,NNMT,0.111995241458,COX5A,0.0244403422272,C3,0.566368990722,YWHAE,0.0127333084395,APOE,0.0912578188968,RND2,0.0043996939026,CD74,0.211514526916,BAAT,-0.0735323449679,IL2RG,0.221441024153,MIF,0.340430569377,CD74,0.33277593158,SLC9A3R1,0.0260903655602,C1QB,0.511897933339,C19orf53,-0.0597332102533,COL1A2,0.0152501377998,MFSD10,0.0715157351188,PTGDS,0.32964559515,RPL8,-0.0243712588374,TAGLN,0.440072598315,RPS10,0.0172267601709,IDO1,0.505214764101,TRIM28,-0.0795533685309,TNS1,0.0651255439293,NEU1,0.0508851003056,COL3A1,0.166893740624,PRSS8,0.0474114426112,HCST
34,0.500273271227,GNL3,-0.0237680124886,FCER1G,0.205832173238,MPC2,-0.00776458790927,DCN,0.286451888838,VIL1,-0.0511990808873,FBLN1,0.347936972706,PTTG1,0.00749967619034,IL2RG,0.36914707848,NCL,0.0280529304916,C1QC,0.406026398821,PTOV1,0.107434909045,CD14,0.250619483435,LAMTOR4,-0.0406368783455,KRT1,-0.167920104415,SLC25A5,-0.0692241953043,RAC2,0.209585119363,SFPQ,0.0222226870904,LCP1,-0.0315342060792,NKAIN4,-0.127108652093,ALOX5AP,0.0779390580893,VTN,0.015681691331,COL6A2,0.479249087512,CNPY2,-0.0396605565912,C1QC,0.562531957162,EIF4EBP1,0.0264366942047,TGM2,0.0501012334813,RPL39,0.0878998652596,MMP11,0.42228012794,ENTPD6,0.0121481433749,MS4A6A,0.378478553562,SLC25A39,0.107453781632,ACTA2,0.287884317526,RPL7,0.0330134264632,CST7,0.47423300578,HDGF,-0.012312048025,DCN,-0.00806055396232,CALR,-0.012049853076,ALOX5AP,0.402979576859,NDUFC2,0.0595750040616,SPI1
35,0.186399937569,SNCG,0.015334925441,C3,0.447564317531,ADIPOR1,-0.0745167307272,TMEM119,0.38108889646,LLGL2,-0.05960088862,MUC2,0.351274265918,CKS2,0.0926247785663,APOE,0.203566953559,PKP3,0.0811993152556,PDLIM3,0.444662854565,TRIM28,0.041288608707,CTSS,0.350604836968,CDK4,0.0363763573616,RARRES2,0.309726434891,PHB,-0.0141214086037,LCP1,0.588609474688,COQ9,-0.0212187884654,LAPTM5,0.369453812504,RPS3,0.0240641993962,TIMP1,0.218799313168,FASN,0.00596011190001,CD53,0.387239930795,MRPL12,-0.121889470449,LST1,0.471056482025,DCXR,0.0981435134905,MMP9,0.453499634353,SNRPB,-0.0807305671226,CYBB,0.195798743421,AP1G2,-0.0858323929525,CXCL5,0.0357383898719,PDE9A,-0.00832745540151,TNS1,0.463429580682,EIF3L,0.0729469375674,SASH3,0.294269674364,SMIM22,0.0321911123272,SERPING1,0.171310053411,OBSL1,0.01932724578,TMPRSS4,0.303488916925,NCL,0.0461047514135,RGS1
36,0.370331902578,PAFAH1B3,0.042341043694,AIF1,0.563102475961,TCEB1,-0.0882859703335,CCDC80,0.0239175439821,GDF15,-0.0627550336564,LCP1,0.247350841636,NDRG1,0.0229043014509,ITGB2,0.459945750755,PDCD5,0.0479107470922,DCN,-0.0221756043955,HNRNPD,-0.213191361102,NNMT,0.24374295169,MIF,-0.0738380561488,S100A7,0.110478810465,SLC3A1,-0.0591991376301,FAM26F,0.514693206178,NDUFA5,0.0387797428536,CECR1,0.194304514309,C6orf48,0.0717264231002,CYP27A1,0.119348511407,FMO5,-0.124634814858,CORO1A,0.376449785297,PFDN2,0.116323343136,SCGB3A1,0.295260169461,TALDO1,0.0179126784843,NNMT,0.267833242753,C6orf48,0.177855097116,SULF1,0.0704377887613,NDRG1,0.0287454096258,LTB,0.100024464516,CREB3L4,-0.0451564259167,TPM2,0.129070525462,HMG20B,0.020211894445,ITGAL,0.544152158685,PABPC1,0.107450207799,ACTA2,0.0771297576716,MZT2B,0.0280204060963,CST6,0.285753586893,OLA1,-0.0754994350013,FCGR3A
37,0.123928523815,SDC1,-0.0402315738564,HTRA3,0.251393902873,TSTD1,0.0377922764795,APOD,0.310093223708,MYO15B,0.0638762973644,CXCL10,0.481713846408,MCM3,0.0921337269667,CHI3L1,0.435791830473,ARL6IP1,-0.0197725969778,MFAP4,0.346784288048,DDR1,-0.110740289919,SRGN,0.461231235561,FDFT1,0.113832623478,APOC1,0.0852945504704,DDT,0.0351729374182,CD52,0.3993116772,GALNT11,0.0283051798963,ITGB2,0.278002858248,EEF1G,0.0938535070832,RBP1,0.397330583703,PPP1R16A,-0.0942419678202,MS4A6A,0.437109900251,COX6A1,0.00657408470067,CHI3L1,0.54261643202,NCBP2,0.0232911687393,C1QA,0.41685138978,EIF4A2,0.0799471715512,GJB2,0.477329697792,LSR,0.0782455535589,TGFB3,0.116900488327,NME1,-0.0273442544027,GPX3,0.266042279663,BACE2,0.0506506787156,CXCL10,0.46535648274,SNRPB,0.0179186147369,TNC,-0.05591288352,MTCH1,-0.0455997473788,IL32,0.230181308488,DHX9,0.188994493226,MMP7
38,0.0886028361403,DHRS3,0.0245991897878,TAGLN,0.304125619478,HSPD1,0.105507186176,CD53,0.281601734843,PRSS3,0.0527190413816,PTGDS,0.242192903429,MZT2A,0.112092196266,LAPTM5,0.401623952868,SOD1,0.283466797376,TGM2,0.318204721704,NPDC1,0.0891193887119,C1QB,0.453514547345,NFE2L2,0.0198858552867,CCL2,0.217359971871,MGST3,0.122028234449,UBD,0.289137666067,SDC4,0.00175809357334,CXCR4,0.138659570428,DBN1,0.255735372585,HSPB6,0.438200130671,CES2,-0.0453742532018,S100A4,0.232662883898,HIST1H2BK,-0.0885564559541,CD4,0.518019317278,TRA2B,0.0954461502741,UBD,0.165013949946,FAU,0.038517036026,C1QA,0.529684012285,MAL2,0.199396850192,CD52,0.144767434602,BOLA2B,0.0277421577824,FHL1,0.207374618997,CLCN7,0.0554696405186,CD53,0.524246061192,SNRPD1,0.0816431259753,TPSAB1,-0.00919266351735,ECHDC2,0.25002063109,S100A9,0.531661960372,PUF60,0.217479977645,CD37
39,0.444733046488,IP6K2,0.21851060253,SAA1,0.452251234235,TOMM20,0.00952293184437,HCLS1,0.558069289833,ERGIC3,-0.0284693271714,MGP,0.184763492618,H1F0,0.119121908968,RHCG,0.534792353122,YWHAZ,-0.0423994427047,AIF1,0.325821489407,ID4,-0.0258618440799,LAIR1,0.129596123311,H1F0,0.236267835853,IFIT3,0.0847292717774,HADHB,0.023128128258,CCL4,0.265099237675,FAT1,0.14288025036,CD14,-0.0251663277708,ID1,-0.00419898632899,CSRP1,0.170228270306,FGFR4,0.0692457262731,C1QC,0.235890311039,EPHX1,0.0284557950035,LAPTM5,0.376683661645,FAM162A,0.0952356001966,LAPTM5,0.303456243957,RPL24,-0.0789550746418,NKG7,0.216616060164,CKB,0.210645819905,FBLN1,0.300750710897,RPL7A,0.0359573816495,FLNA,0.52915503406,PUF60,0.00643424995112,NCF1,0.350210216299,BZW2,0.01492744244,APOD,0.152350636005,NDFIP1,0.0347477431877,RGS1,0.342258485669,SNRPE,0.318115975792,APOL1
40,0.233192216447,CLDN4,0.0691531958244,EFEMP1,0.508304683803,NDUFB9,0.108027083302,C1R,0.293401401315,HSPE1,0.0294943451103,COL8A1,0.243437046186,LSM4,0.0776594268687,GMFG,0.448713710919,CD9,-0.0724817520412,FCER1G,-0.0113741867233,SFPQ,0.118174548261,SCIN,0.342420944913,CKS2,0.0708163114741,MMP9,-0.154253370633,COX7B,-0.0591247172464,SERPINF1,0.291193135127,OCIAD2,0.177458023668,NNMT,0.138191182598,EEF2,0.11791262742,CAPG,0.389852610674,EFNA1,-0.0185396449041,CRIP1,0.525775165733,NDUFS6,0.0456907798966,SPI1,0.261010448299,MZT2A,0.0360553594004,MFAP4,0.22811682095,RPS21,-0.0572245615106,CCL5,-0.0137492322901,WFDC2,-0.0474847564851,GPNMB,0.278358710197,REXO2,-0.00496812771525,SOCS3,0.583919463558,CTTN,0.220562605355,FAM26F,0.394510786771,KRT19,-0.160189959726,IGFBP5,0.101941864048,CERS4,0.0205830526271,TNC,0.284146985581,AK2,0.0886642712261,RAC2
41,0.280860710226,KRT19,0.0405865990094,PDLIM3,0.327383875745,SREBF1,0.140304197011,CXCL10,0.0845408391167,H2AFJ,0.105638236034,AEBP1,0.402924041515,KPNA2,0.03508721804,AIF1,0.474664211132,CCT3,0.0792236615628,LAPTM5,0.156471617908,TUBB,-0.141112656822,ALOX5AP,0.253401848129,UBE2C,0.192045752911,APOE,0.137659398868,NDUFB9,-0.0477046519288,CORO1A,0.357504719402,AHCY,0.0714576483722,SLC15A3,0.0833500134787,RPL4,0.121881256434,FGF1,0.481916932262,CERS2,0.0250419554921,GSTP1,0.354860912945,CCT2,-0.144957083719,AIF1,0.140254531256,IGFBP2,0.148371736466,PDZK1IP1,0.296535872311,RPL7A,0.00438546830873,EVI2B,0.12064157332,LPCAT4,-0.0462313228099,GCG,0.0586086401672,STEAP2,0.0784611454953,CES1,0.236309630676,IGSF8,0.0837305494192,C1QB,0.238134880077,HMGA1,0.0124421999674,CD53,-0.012710731411,ZSCAN18,-0.0658779745547,CD68,0.487583919385,CLNS1A,0.0112381796444,APOC1
42,0.126692610024,TNFRSF21,0.0531457106872,CCL5,0.60801990258,AMZ2,-0.157958028241,IL32,0.508921648923,EBPL,-0.00191067752235,C1S,0.321159023772,MRPL11,-0.0117752424681,LCP1,0.270098475172,FASN,0.174606846201,MMP7,0.504104619687,CSNK1E,0.0814145563613,C3,0.19976242423,CLDN4,0.149784857504,MMP1,0.0198388616813,ATP5D,0.0285480102987,LYZ,0.230401721441,GALNT14,0.118578847221,CD4,0.125145905399,ABAT,0.151340549018,APOC2,0.112444692682,CYP4A11,-0.0949729037661,SRGN,0.389889598838,PDIA3,0.0567047992178,CD163,0.3590533327,PARL,0.0240194556888,C1QC,0.19084631184,SNRPG,0.068078684209,COL6A3,0.387809018153,TSTA3,-0.000358634438324,HCLS1,0.096247854144,IMPDH2,0.0222314158511,FHL2,0.286037799422,KHSRP,-0.00641776468388,PLEK,0.279722950173,CD46,0.0148253346407,FBLN5,0.364042422458,NDUFA5,0.0203809072048,POSTN,0.253095188729,CDK16,0.0130390640896,CD14
43,0.413083795537,ERBB2,-0.0959338165689,ALOX5AP,0.0767443908832,SCD,0.053464754417,CD74,0.194945666263,TIMM17B,0.0677570518371,CTHRC1,0.413246237967,CCNB1,0.192849974248,CALML3,0.335590999861,LSM4,0.0609709974043,CCL2,0.429517670745,SLC22A17,0.265797047955,COL3A1,0.366907709714,EFNA1,0.330756882812,TRIM22,0.0506878595514,NDUFA7,-0.0867169609919,LAIR1,0.54707071682,CPNE1,-0.0280428345514,LAIR1,0.130162471963,HNRNPA1,-0.00974405539292,FBXO2,0.299252978325,EPHX1,0.0237790303303,LAPTM5,0.202185171767,MAZ,-0.133118630363,FCGR3A,0.0671177790877,NDUFA4L2,-0.0197759066449,POSTN,0.470236927637,ATP5I,0.0717726655562,IL2RG,0.132197073113,ANXA10,0.00335967284042,EFEMP1,0.101377041866,SRM,-0.0203156734129,ID1,0.332780236322,HIST1H2BK,-0.00830961148281,CCL4,0.546554066183,C20orf24,0.075413635385,THBS1,0.112607872262,PDCD4,-0.0793494683958,CORO1A,0.447453212434,AHCY,-0.0201574442205,MMP9
44,0.118233389967,TNFAIP2,0.106953452216,RAMP1,0.161705795901,MLPH,0.0403374947406,SERPING1,0.427272064615,DUS1L,0.0691434960993,C1QB,0.293484403427,PRDX2,-0.00310638668045,KRT5,0.387654952085,ATP1A1,0.0853184667456,APOE,0.327253047668,KHSRP,0.0591306637262,CCL3,0.255049580258,SIVA1,0.0130477908437,COL1A1,-0.0223660141923,PDHA1,0.00264853886086,LAPTM5,0.110481711901,BCAM,0.0207101111332,UCP2,-0.10676620634,BEX1,0.18895535411,TMEM176A,0.239414342836,CYP2C9,-0.00377547980972,ITGB2,0.365254398272,CLDN7,0.111511299325,TNC,0.451146729144,SHFM1,0.0945477713271,MMP2,0.314103137105,ATP5G2,0.0281303137259,C1QC,0.035522793084,TSPAN1,0.0780662142268,THBS1,0.139908923481,MLPH,0.10265171534,GJA1,0.352939594278,HSPD1,-0.0445214305428,PTPN6,0.24856480271,AGPAT2,0.00794210176561,SOD3,0.152623926012,RTN3,-0.00182175632209,C1QB,0.311756308764,H2AFV,0.0161341862669,DCN
45,0.262975324441,SRC,0.0267716466383,TYROBP,0.566540417956,YWHAZ,0.0487512237496,RAC2,0.592056559759,NELFCD,-0.0325226154334,COL6A3,0.308785401796,STMN1,0.0543169479429,SPRR2A,0.4996658662,C1QBP,0.017466556763,MYL9,0.078797183693,CTNND2,0.0700381388594,VAMP8,0.261442211549,LDHB,0.0632070743859,COL6A3,0.130762521851,PPDPF,0.0305857478957,TNC,0.503170913052,GSS,0.03553727032,AIF1,0.140659522987,CORO1C,0.00624268266195,CCL2,0.180095793461,ITIH3,0.0401697931076,C9,0.297593230948,TKT,0.0236051586075,LCP1,0.54088049818,MRPL47,0.00999415829242,MS4A6A,0.571907023928,FBL,0.0492424438685,PDLIM3,0.376215919731,GAK,-0.0129233905413,DCN,0.22109678019,HSPD1,0.0403058482995,SERPINF1,0.345942552061,RPL10A,-0.0203445874591,ARHGAP9,0.380649435961,LAPTM4B,0.0202482416914,MS4A6A,0.324514870942,PEBP1,-0.0286590190913,CCL2,0.464855354,RPL7,0.000795993121965,GMFG
46,0.0311882552237,AKR1C3,-0.089902132484,COL1A1,0.276444163488,EIF3H,-0.0452708377011,MMP2,0.568395703006,CPNE1,-0.00455845508092,LUM,0.305225669027,TUBB4B,0.0594779163957,FCER1G,0.507803099979,VDAC3,-0.0176899757151,ACTA2,0.219359868953,MAZ,-0.0629382029656,IFI30,0.348651601263,TP63,0.100863367632,COL1A2,-0.0101105742306,PRDX5,0.197061002421,C1orf162,0.00199737921589,AKR1C1,0.0361107122871,CD37,0.2475952055,EIF3L,0.0794409224848,S100A13,0.0965641987881,SELENBP1,-0.063311235072,S100A6,0.411990021598,NDUFB9,-0.105180906159,DCN,0.450999477328,FKBP4,-0.109491679249,CD4,0.120879770847,RPL12,-0.0833161749306,FCGR3A,0.443578734233,EFNA1,0.154857180206,MFAP4,0.0831439600593,DUS1L,-0.0680985800612,CCL2,0.179758062184,EIF4B,0.0930017958477,C1QA,0.290626926377,PRSS8,0.00836237999906,C1QA,0.0463369870197,APMAP,0.0097588806671,LAPTM5,0.388427504629,PDIA6,0.228245858112,CD74
47,0.258321415841,FASN,0.0732906598384,C4B,0.589701210931,VDAC3,0.028858115881,SRGN,0.555532759112,EIF6,-0.107613661361,COL11A1,0.239779415812,MZT2B,-0.00714069455416,KRT6C,0.453362975899,CCT2,0.141936896489,SOD3,0.450659516328,STMN3,0.0498909876025,EVI2A,0.165636809217,UPK3BL,0.00126228352099,POSTN,0.0179321792825,METTL7A,0.265814864889,S100A1,0.355453542325,PYGB,0.00607550216792,SPI1,-0.0182542104581,CRMP1,0.181004695975,TMEM176B,0.437829319021,PCYT2,0.0178730020298,CD74,0.489704507427,CCT5,-0.0129453795486,TYROBP,0.574823995549,TXN,0.0115774838027,TYROBP,0.439940393816,RPS28,0.00286381066388,LAIR1,0.181345766794,MISP,0.013628559491,SRGN,0.120213804524,MIF,0.0682093136265,FBLN1,0.382781855174,POLD2,0.0107218743526,LCP1,0.0298955119971,S100A14,0.125573527653,ITGB2,0.0591084346165,CD164,-0.0904461244105,PLAUR,0.0454421245725,ATP1A1,-0.0337011362244,SRGN
48,0.550559343397,TRAF4,-0.0211469890168,COL1A2,0.521452062118,G6PC3,0.107667669449,C1QA,0.326663845761,ATIC,0.0581489526628,IGFBP5,0.385233008489,ATP5G1,0.163511327127,GBP4,0.127692408645,RAB25,0.204582707835,C1S,0.371092224995,ZNF428,0.0109553030889,SIGLEC10,0.332585609395,SNRPE,0.0328326746377,KRTDAP,0.101852456455,TMEM106C,-0.0178893054022,MS4A6A,0.31337695892,VMP1,0.158798213857,CD74,-0.166721197648,NONO,-0.143132126667,SERPINF1,0.388013524639,F12,0.0367792089873,CD163,0.440023732103,RAD21,0.0779099159022,HCST,0.618734536001,PSMD11,-0.0779910389755,CHI3L1,0.354327486948,RPS18,-0.0136159894842,CD48,0.303648334871,CYP3A5,0.240948793319,SERPINF1,0.236309448479,MIA3,0.0389809313472,GBP2,0.205729161527,PYGB,0.0221277218781,LILRB4,0.447388189706,SPINT2,0.00859260137745,CDH11,-0.0288219876026,NPNT,0.0358157014439,LCN2,0.388824442199,EIF4A2,0.177819193786,C1S
49,0.0970938883306,BCAM,0.00597339663569,MYH11,0.210438113281,STMN1,0.0189214809993,ITGB2,0.543343265112,C20orf24,0.0973921986607,COL1A2,0.40851822318,POLR2H,-0.00518223118915,KRT6A,0.458329102764,CCT6A,0.0739118346652,CD74,-0.011155125743,STMN1,-0.0513598978992,MS4A7,0.374975348645,SHFM1,-0.0670920244489,LCE3D,0.250936536638,SDHA,0.176337370912,TMEM45A,0.243384337464,CRIP2,-0.0187739005954,HCLS1,0.181757808591,IMPDH2,0.00048114002561,PPP1R14A,0.297124790555,TFR2,0.0877929437996,TAGLN,0.0712881317344,TALDO1,-0.147770766474,FCER1G,0.229184757885,HMGB3,-0.0219030510738,CCL5,0.427143470418,TMEM9,0.0107074383742,CSF1R,0.387842955546,CAPN8,0.0197868413196,TMEM119,0.333900672486,TXN,0.199269217122,CLU,0.299825730003,RPS5,-0.00388177605545,ITGB2,0.319682730801,NME1,0.00715179263981,SRGN,0.210974348619,SCPEP1,-0.00784250197638,LST1,0.400259870255,SRP9,0.0184520883944,LUM
50,0.11903520712,SERINC2,0.0743620288965,C4A,0.285000240308,NDUFA7,-0.0020603106242,CXCL12,0.198311316119,EBP,0.0675377969279,LAPTM5,0.0849856383917,S100A6,0.0267933013996,LST1,0.496422694362,SNRPD1,-0.0209783415323,C11orf96,0.218786936601,THRA,-0.179112455759,LY86,0.354916042754,PFN2,0.139214175762,MMP2,-0.0607749839072,COX5B,0.0458190986369,CXCL10,0.35261520045,HCFC1R1,0.129117472958,TREM2,0.234567237311,PTPRZ1,0.0598016345127,S100A1,0.0806680994899,TM4SF4,-0.0627817200809,GPNMB,0.365905079376,PFDN6,-0.00157624904048,MMP2,0.231421300565,THOC3,-0.0895324941764,COL1A1,0.19250865757,MZT2B,0.189070005858,CD53,0.161101773376,AGPAT2,-0.0976818871073,CCL5,0.128558007801,H2AFJ,-0.00552538421161,RARRES2,0.298499363457,TIMM13,0.0975570541939,IL10RA,0.247844086343,SPINT1,-0.0307063977748,CALD1,0.2046387266,TMED4,-0.0011423468467,C1QA,0.135309497983,SMS,-0.0376166353483,RARRES3
51,0.140714134074,ISYNA1,0.155199949534,TGM2,0.25864516066,CREB3L4,0.00289315437929,SFRP2,0.367009685612,MUC3A,0.0711447083612,FN1,0.177944330094,WDR34,0.0203696356086,SERPING1,0.526484927088,NDUFB9,-0.131180934109,RGS1,0.621951125332,DTX3,0.107893359684,TIMP1,0.293589991568,LSM4,0.209898109585,SAA1,0.177214956291,SLC3A2,0.00468597490061,FOLR2,0.168726927352,DNM2,-0.00211643211278,GMFG,0.0955540167511,RPLP0,0.126121219614,TMBIM1,0.45977158533,TCEA3,0.0785430775092,EMP3,0.285048863167,DPM3,0.0528062876704,GMFG,0.586737621346,GMPS,0.0828370198628,APOC1,0.178553759049,MZT2A,0.0569430717303,LAPTM5,0.278714979714,WDR34,0.161177323605,COL3A1,0.0780485797656,SPDEF,0.00597611521257,C1S,0.0366599474515,MLPH,0.000710963839342,APOL3,0.186222591241,SERINC2,0.0827820861476,SERPINF1,0.0080609554561,SERGEF,-0.0148233610718,ACP5,0.443268857994,MTCH1,0.0967271006313,LCP1
52,0.401920847395,CDH1,0.0696055688338,SRGN,0.56832470809,ERBB2,0.0272547574881,GMFG,0.540390987463,UCHL3,0.100000513795,REG4,0.377799804042,TK1,-0.0413713999254,MMP9,0.167323576465,AGR2,-0.0149319691048,THBS1,0.208805331734,NT5DC2,0.0792374551887,C1QC,0.354953796905,FBL,0.115732103356,C3,0.125171260049,ATP5B,0.221977065785,CD48,0.264825170774,BIN1,0.124991387998,BST2,0.470721616275,PHYHIPL,0.262729080588,F3,0.389927566643,STRA13,0.0249134065795,CXCR4,0.318943396084,TXNRD1,0.0120702705496,PLAU,0.226232987626,H1F0,-0.00472813626872,CTSS,0.405940250892,NDUFB5,0.0446463945893,TMEM176B,0.279335574008,MICALL2,-0.11283400875,ASPN,0.0749739415904,SPOCK1,-0.00275364478547,TGFB1I1,0.457520381708,SHMT2,0.0969262223781,HCLS1,0.362638818302,ST14,-0.068060849059,GPNMB,-0.00473313803293,SFTA3,0.203122726373,FCER1G,0.158739356564,FAM162A,0.106940738448,C3
53,0.160092448845,HES1,0.0374010263491,CTHRC1,0.425035772402,HSP90AB1,-0.0063183608216,CD4,0.127641130224,FABP1,0.0616211499388,C1QC,0.309663616499,EPHX1,0.140432111436,GBP1,0.63717047587,CTTN,0.0417685872463,CHI3L1,0.556186542729,CDK4,-0.0203756703532,IER3,0.345116772485,MRPL11,0.115820299385,SBSN,0.164517180115,COA3,-0.0867710670647,CD37,0.263122077865,DDX17,0.0900835608053,GPSM3,0.375123603537,CSNK1E,-0.0412425903902,PLA2G16,0.400497048053,SLC2A4RG,-0.09785326067,LST1,0.289948746733,SMIM22,0.167407416178,RARRES3,0.43313442358,CKS2,0.164039537474,CFB,0.402477912403,DCXR,0.220395297273,UBD,0.233960069632,CLDN4,0.0339121008595,SAA1,0.265609473397,NDUFB4,0.00629530620523,COX7A1,0.140027214971,FASN,0.0372688874093,HCST,0.179182289986,SLPI,-0.00835792747558,C1QB,0.170820713572,FOXE1,-0.045550732122,CD74,0.238205096148,MYL6B,0.0033352317679,ISLR
54,0.286759874727,CYB5A,-0.0116232083879,CD52,0.451179588913,C1orf43,-0.0137759566447,SERPINF1,0.189965138367,NQO1,0.00590110102366,SERPING1,0.402404829593,KIAA0101,-0.055468428036,ALOX5AP,0.0619219344012,TKT,-0.152532214201,A2M,0.19952569543,CADM4,-0.067738530879,SLC11A1,0.426471205998,F11R,0.0379215930478,MGP,0.250105039833,NDUFA5,-0.0454076165225,FN1,0.216273643335,JUP,-0.00832967364412,IFI30,0.244677973951,TTC3,0.0851351249695,HSPA2,0.309911732691,AMBP,0.0811137647539,TYROBP,0.42893700965,MRPL24,-0.0273244215366,RGS1,0.464803270392,GPI,0.144264034455,IL32,0.515891346261,SSBP4,-0.0037228502852,VSIG4,0.325143933478,ABHD11,-0.107507245258,C1S,0.148666874716,RABEP2,-0.0596631764088,SERPING1,0.2894658359,TIMM50,0.0599885989781,LAPTM5,0.303052999672,DCXR,-0.0433530390155,EMILIN1,0.149469639765,DCXR,-0.0781587968605,TYROBP,-0.0303319514738,HSPA1B,0.118843785539,CD68
55,0.0603712004791,FABP5,-0.0422028868268,RGS1,0.257862463264,DDR1,0.0415869887993,RARRES2,0.100058666441,AREG,0.0718081736593,RAB31,0.152340845425,TSPAN3,0.0167862609952,CORO1A,0.419354238473,CKS2,0.0389990976347,APOC1,0.0428854336404,HMGB2,-0.0130844443992,FCGR1A,0.430530827352,AHCY,-0.00264531403936,DCN,0.062293034496,COX8A,0.0713530178877,OLFML2B,0.191981444934,GLUD1,-0.0107378645352,SRGN,0.331680774371,HN1,-0.0185097340362,GNG3,0.00326498441733,FMO3,-0.112314022496,AIF1,0.33882916866,SNRPE,-0.0703267896111,CTSK,0.299211493404,TPD52L1,-0.0507239656688,TMEM176B,0.360605905655,HSPE1,0.132926045223,ITGB2,-0.0273179765549,CLDN7,-0.181316613141,COL10A1,0.237728803469,MAZ,0.00516032044475,C1R,0.372658594147,EEF2,0.103405052668,WAS,0.343158870621,KPNA2,0.0874966258512,NNMT,0.0955488939007,RGL3,0.0481867037677,GBP2,0.330819169852,PIGT,-0.0308953546301,GBP2
56,0.203139990346,FAM213A,0.00214626983187,TPSAB1,0.506855769567,PSMD3,0.265959499942,GBP1,0.567389792817,HNF4A,0.071637549301,DES,0.339134615752,RAB34,0.0335400907352,MGP,0.318260894965,UBE2C,-0.0161478476029,IGFBP5,-0.0937620762406,NREP,0.0840874981063,C1S,0.117054053365,NQO1,0.0790068768452,WARS,0.0499390430659,COX6A1,0.0751395680707,CD4,0.226944967481,KRT19,0.00228172510525,ACP5,-0.157547091103,SULF2,0.114298486312,C1R,0.447165437808,CPB2,-0.0330094697005,MYL9,0.451961897058,ILF2,0.113238852035,RAC2,0.350911286517,STMN1,0.0393565235883,GMFG,0.0534238839901,NAA38,-0.00969244222622,CD14,0.234361680484,ID1,-0.156908286111,GREM1,0.164893528064,PDLIM5,-0.0146785760192,CAV1,0.486256107239,ST13,0.0403706403726,RARRES3,0.311091786946,HSPD1,-0.0127829204772,C1QC,0.218102555082,HSP90B1,0.0026468302654,COL1A2,0.586000235446,UBAP2L,0.078895700504,TAGLN
57,0.225305334013,CCNL2,-0.0332079428265,COL6A2,0.168237044328,HSPA1B,0.0562569670216,FBLN2,0.249886934271,USH1C,0.0551605693892,C1QA,0.403657112982,SIVA1,0.173684712006,C1S,0.381409458948,F11R,0.113021039814,SPARCL1,0.261366710995,ILF3,-0.103135257035,TYROBP,0.478384740985,FKBP4,0.0866027641207,C1S,0.149614016941,CYC1,0.0852813650755,VCAN,0.288719016943,CKB,0.046267618846,LST1,0.267298034385,SHMT2,0.2940608618,CD37,0.196603302114,GJB1,0.0322671499808,CYBA,0.297581467124,HSPE1,-0.0129615040687,CORO1A,0.535841175801,ALG3,0.0204851231158,FCGR3A,0.322303786095,RPL37,0.0837649154857,PLAU,0.248403866776,SCAND1,-0.0705942764862,LCP1,0.0869092725737,MRPL41,0.00510420308354,CCL14,0.0934200430247,CAPN3,0.0771880845998,C1QC,0.465311291722,NOP56,-0.0373446639747,LCP1,0.0138929216878,HES1,-0.00798919975739,C1QC,0.537242837246,CBX3,0.130959627778,TYMP
58,0.0871282559665,IGFBP3,0.0107549230508,FCGR2A,0.441188915899,NME1,0.0720416904778,C1QB,0.139965558202,RPL39,0.0441210260045,FBN1,0.0819634715532,ANXA4,0.0720013333491,DCN,0.246218165565,KRT18,0.169934926737,C1R,-0.017969264864,ODC1,0.148125969654,LAPTM5,0.547840604917,RNF7,0.16725205389,IFI6,0.0414687889428,NDUFB7,-0.0464798511812,AIF1,0.132018415472,DDR1,0.148678120945,HMOX1,0.0979521468016,VCAN,0.103049647857,VWA1,0.110583199425,PAH,0.0632878694041,HCST,0.0840863590724,G6PD,0.0780758636825,AQP1,0.355776162341,UBE2C,0.00342563223089,CTSK,0.550678068542,SNRPD1,-0.0641427242539,OLFML2B,0.132042511196,TMEM141,-0.0591505467432,LUM,0.141163417177,CLDN3,-0.0829608504794,S100A6,0.0111340146177,SLC3A2,-0.126925227446,SLAMF8,0.354322661805,DDR1,-0.143973293637,RGS1,-0.097193153004,HIST1H2BK,-0.0595667656511,MS4A6A,0.308502237516,PRDX6,-0.0338899046256,ACTA2
59,0.354915974748,BCAT2,0.213496089636,SPI1,0.335890260105,HSP90AA1,-0.00911716451697,MS4A6A,0.333589663187,ROMO1,-0.0575181076695,ANTXR1,0.314255556768,GSTP1,-0.0609362095191,GNLY,0.370282715209,FBRSL1,0.158496517753,RARRES2,0.365858959627,SNRNP200,-0.042374037384,CD68,0.169288226948,MZT2B,0.100607702686,AEBP1,0.21328623407,ATP5A1,0.159694849047,CD53,0.376819752378,CDK5RAP3,-0.0279027949079,HCST,0.293243412555,NOVA1,-0.0152674340329,LGALS3,0.299613332758,KHK,-0.0482672939284,IFITM1,0.257318094231,PTP4A1,0.14212810789,SLC15A3,0.210544982126,G6PD,0.173193750666,FN1,0.446662483253,WBP1,0.0729947394205,CCDC80,0.42110374396,SLC39A4,-0.0686829823149,CCL2,0.147356529054,MPC2,0.0312163641892,CRYAB,0.572832824005,CDK4,0.0841582622266,CYBB,0.475546190488,VEGFA,0.0347752362721,TIMP3,0.206227748212,DMKN,0.00501024279189,AIF1,0.374050748572,LRPAP1,0.166552261326,PIGR
60,0.140407160384,FAM162A,-0.0475401822328,CD37,0.350619016184,GLO1,-0.0405972055486,CCL2,0.139478244712,SMIM22,0.0169301037377,MS4A6A,0.102582314184,LGALS3,0.0181568791296,RGS1,0.0233144440065,S100A14,-0.0264476497137,CRYAB,0.202223502264,PSAT1,0.0729197590202,FCGR2A,0.0805402503953,KRT15,0.0710144246667,TIMP2,0.0292078720926,PRDX2,0.0690400125933,CSF1R,0.329825492398,MSRB1,-0.0227312943409,MGP,0.341845684013,LRP4,0.081906690801,IFITM3,0.343632082264,F5,-0.0584728391681,FCER1G,0.264547778,HSPD1,0.0321333871817,CD14,0.186915955466,CES1,0.134643320119,APOE,0.307667299908,RPL37A,0.16182419847,C1S,0.254029697572,IFT172,-0.0238375760684,APOD,0.195940848008,HSPE1,0.0346701132264,ANPEP,0.235059837526,ST3GAL4,0.101332083726,TMEM176B,0.291899189377,CKS2,0.103078802774,APOE,0.0604910877038,C6orf48,0.281040441876,LAMB3,0.22838247123,CDK4,0.100426242849,RARRES2
61,0.257482611058,AP1M2,-0.0800914794579,LUM,0.203534739426,CRABP2,-0.0602006536375,CTSK,0.511186847092,GTF3A,-0.0979426740027,CCL5,0.0129400524952,CRIP1,0.0582975487998,APOC1,0.357340108117,SREBF1,0.0779622461123,C10orf10,0.0155832130352,NES,0.142306983955,FCER1G,0.271501674353,HMGA1,-0.105630561119,VIM,0.253490775563,COX7C,0.172707163245,LCP2,0.348903550761,AIF1L,-0.0647359475848,FCGR3A,0.476870120169,CDK4,0.0271037813495,PLLP,0.399812885256,GLYCTK,-0.00821283078002,UCP2,0.286832350635,FURIN,-0.00681614579149,COL6A3,0.444773315803,MCM7,-0.00325206702323,TAGLN,0.341385261251,RPL32,-0.0166355720712,LILRB4,0.311204793738,NPDC1,0.234636973913,PODN,0.446314866237,TPD52,0.0743276274609,LIMS2,0.367589247833,SDCBP,0.0237241581712,GIMAP4,0.355119078956,AP1M2,-0.0401008042019,FLNA,0.247799493842,SAT2,-0.0994682232109,TMEM176B,0.181199201167,SHMT2,0.0901405741047,CCL2
62,0.469475422205,TSTD1,0.0285818015352,HCST,0.560331601927,HN1L,0.0581905027307,SLPI,0.473022987147,UBE2C,-0.114989025141,HCLS1,0.454758496918,DPY30,0.0539927677041,CTSK,0.311110044157,HSPE1,0.141122126235,MYLK,0.126370526779,NASP,0.0916235073961,CD53,0.316204631585,COX5B,-0.0168724531078,A2M,0.142383885137,CYSTM1,0.149141985198,FCER1G,0.114579302305,ADIRF,0.0683536915796,C1S,0.329277874031,MCM7,-0.0175728140022,GAS7,0.354649632703,SERPINA4,-0.0258812965507,ANXA1,0.375675274995,TPD52,-0.0710424806584,LUM,0.143441235407,PKP1,0.104906066185,ICAM1,0.294540120947,DPM3,0.267193703768,CTHRC1,0.130787666249,AGR2,-0.0149582427278,REG1A,0.0205209832177,SCD,0.0756113404225,PTN,0.332713640262,ATP1A1,0.0269297854291,CLU,0.312925386568,HSPE1,0.068101428649,TYROBP,0.0244765102681,KIF22,-0.00140065236173,CRLF1,0.138059347302,EPHX1,-0.0996044151092,VAMP5
63,0.314286225341,MAL2,-0.00379378492418,TPSB2,0.101995684569,H2AFJ,0.155297243554,C10orf10,0.46730491738,AHCY,-0.0704812275768,FCER1G,0.520873375565,PRC1,0.0546257090119,TMEM176B,0.327976673019,KPNA2,0.0511045604495,AEBP1,0.312809916341,PLCG1,-0.0287866680788,MAFB,0.209842611777,TK1,0.0221223313008,KRT6B,0.268566865906,ACO2,-0.0186742695498,ITGB2,0.148970797728,CTSC,-0.0241575766731,DCN,0.0815297257253,MAP2,0.0113659745269,FCGR3A,0.225901442235,F2,0.234165292566,LY6E,0.384217955763,EFNA1,0.0186710051812,SFTPD,0.455492876334,CBX1,-0.0168793794448,ISLR,0.422954001921,ODC1,-0.027396806487,CD163,0.509777050779,BAIAP2L1,0.0801615150807,COL6A3,0.233702559099,DEGS1,-0.00430484208697,EMILIN1,0.339459845727,UBA2,0.0636724517464,GBP4,0.427695786362,AHCY,0.0632983779312,LAPTM5,0.0196210061082,SELENBP1,-0.138942777333,CXCL12,0.00150868458313,TUBA1B,0.0404726950042,PSMB9
64,0.260140300589,EPCAM,-0.0507140777435,CTSK,0.521078135491,KPNA2,-0.00647758111443,AIF1,0.467287124785,ZNF703,0.00541815988047,C1R,0.55218813677,TMEM14B,0.108528996706,CLCA2,0.347399371486,MCM4,0.0180166332399,SERPINA1,0.198944177682,H2AFX,0.0413244134196,MSR1,0.382344397524,HSPE1,0.0716858899384,FN1,0.175525369164,SDHD,0.0164711963759,SULF1,0.107448137419,ELF3,0.00150936447673,FCGR2A,0.17210907328,SOX2,0.0706885245267,S100A11,-0.0244455102899,AGXT,0.107865979251,SPP1,0.393487102308,SLC50A1,-0.0512391459599,CCDC80,0.333171018235,COA6,-0.0376758002779,FCGR2A,0.453880350986,PPP1R16A,0.0139382852807,CDH11,0.231521071708,ENO2,0.0418523482308,C3,0.277597148999,GNL3,-0.0369704082165,CDC42EP5,0.45264329154,SNRPE,0.00587961109614,EVI2B,0.238765842372,KLF5,-0.0653045744585,AIF1,0.0678554832946,ALDH9A1,-0.0553293363843,SLC22A31,0.342645992119,MARCKSL1,0.0794771933362,PTGDS
65,0.465477074043,PABPC1,-0.0349536556509,EMILIN1,0.402145290855,KRT18,0.0785029851154,NNMT,0.44135614934,RPS21,0.069358122956,CNN1,0.392345788203,RNASEH2A,0.322908997911,CD74,0.480621386437,TUBB4B,0.186922162961,GPX3,-0.00025366976884,BEX1,0.0555802179162,SPOCD1,0.176623256027,THOC3,-0.00989768517372,COL6A2,0.147410520876,CAT,-0.0476888334256,HCST,0.221461836954,PAX8,-0.0393190538763,CCL2,0.287333300923,MARCKS,0.0214089459124,PTGDS,0.12115857326,G6PC,-0.0303891263725,TIMP2,0.303888155373,STRA13,0.103351874607,RARRES2,0.515025435451,FXR1,0.0995175664288,CD14,0.555731472544,TUBB4B,0.0191906938963,PTGDS,0.105930343647,CEACAM5,0.0247585070797,FBN1,0.598864587148,PABPC1,0.112101786418,SMTN,0.415149806102,NPM1,0.0311657726109,GIMAP5,0.142127821794,PI3,0.101892538323,COL6A2,0.164518170685,CKB,-0.111654678502,PDLIM4,0.483990217409,NCSTN,0.224634046089,SLC15A3
66,0.0731605050839,UPK3BL,0.125360443936,COL6A3,0.199403778383,HMGB2,0.00575795772133,ELN,0.29808583353,PRDX5,-0.0900102764658,CCL2,0.370306841039,GNAS,0.199994142242,DSG3,0.391302083247,ERBB2,0.0975100316926,COL6A2,0.0707311656911,RGMA,0.144665012545,GPR34,0.150868742,STMN1,0.111961960355,IFI30,0.404987501806,ATP6V1D,-0.0618564156096,MMP7,0.409015405553,KRT18,0.0344647910357,RNASE1,0.175477365293,ATAT1,0.0369450524255,GJA1,0.306371551528,ACSM2B,-0.0102408857217,LGALS9,0.126506966582,TMEM141,-0.036366982995,COL3A1,0.172173881292,ODC1,0.00238836834532,COL1A2,0.298510803098,DPY30,-0.0482028145566,ALOX5AP,0.273429244884,TSTD1,0.179236897252,C1QB,0.101900617459,FOXA1,0.0346908867296,TNFAIP2,0.165000079771,BSG,0.0503078740647,SELPLG,0.413582646413,STARD10,-0.0170001896478,FSTL1,0.039070885826,INPP5J,0.315194648372,MUC1,0.13761700632,PTTG1,0.0993851133187,TGM2
67,0.10760512746,GDF15,0.0773001462286,MT2A,0.385039160763,MAL2,0.0115116677485,LUM,0.215763997844,CDH17,-0.0261613673857,MMP9,0.311507600219,TSTD1,0.0575628266485,LUM,0.492060247367,VEGFA,0.0125066690282,CTGF,-0.232121626446,MAGED4B,0.191592057776,S100A4,0.315555214428,PRDX2,0.112709873539,CFB,0.270056219323,CRYL1,0.0540126435538,MYH11,0.337712576192,HNF1B,0.0379704804398,LGALS9,0.124451869902,HIP1R,0.0208637110301,SERPINI1,0.105038816774,APOM,0.0148729721324,S100A11,0.431598023114,FAM177A1,0.0722948857259,PIGR,-0.0513740914147,PGD,0.129073902821,C4B,0.387835840265,LY6E,0.0540935564369,AIF1,0.321743634446,LLGL2,0.191695912013,C1QC,0.106579928422,CLDN7,0.0311925711086,SERPINA3,0.377299974979,CTNNB1,-0.0744142647843,FCGR1A,0.287927612367,IDH1,0.0667756227254,C4A,0.0945980355719,ESAM,-0.0694979885888,FAM20A,0.280880691982,HDAC2,0.0958178072008,APOE
68,0.167158598687,AP1G2,-0.0378050067,IL32,0.229898923835,PAFAH1B3,0.0264079615862,CTSS,0.309559095123,CDX1,-0.0435834164975,NNMT,0.292301182295,TMEM106C,0.0413337705584,KRT6B,0.401942606079,TFDP1,0.17767945481,FBLN1,0.209798808783,PTN,-0.146461850226,RNASE6,0.302528895947,H1FX,-0.0441912608881,ARHGDIB,0.344647578605,HIBADH,0.0460668909447,CD14,0.447448522246,KRT8,0.0230738499722,RGS1,0.122687067397,PODXL2,-0.0852901745564,SELPLG,0.0195401180281,SLC27A5,0.102456357529,LDHB,0.209802336931,H1F0,0.0457910404556,SERPING1,0.276190303021,KRT8,-0.0210274596028,AIF1,0.46557647469,LSM4,0.0363119127086,CD68,0.592303326392,SPINT2,-0.0467157696216,FCGR3A,0.043151095472,MAOA,0.0110638300262,SPARCL1,0.502866218136,SLC35B2,-0.0789697355344,AIF1,0.464537709147,ERBB2,-0.0581041616374,AEBP1,0.126209218166,ALDH1A1,0.298815452146,S100A10,0.34464495359,NDRG1,0.0587851448603,SERPINF1
69,0.282098309712,LLGL2,-0.0518847183176,TMEM176B,0.565788276564,POLR2K,-0.00164752914521,RGS1,0.288143708835,EPS8L3,-0.055101372373,MFAP4,0.557689345511,ACTL6A,0.180704930873,CD14,-0.00400375196542,HSPA1B,0.0223164264652,CALD1,0.0451746717632,SDC3,0.112250100572,RGS1,0.524210851627,MRPL21,0.0258507566748,THY1,-0.031453440497,CD9,0.00502820462585,HCLS1,0.0446644632979,HNRNPH1,0.174665067638,S100A9,0.000263088905847,HEY1,-0.0026281750031,FGFR2,0.32065319527,F10,0.0633425832635,LCN2,0.0366472267171,PGD,0.0597031275795,SERPINA1,0.514795098653,POLR2H,0.0476546961877,LCP1,0.35584787531,NT5DC2,0.0408642694855,TMEM176A,0.229594137898,EPCAM,-0.156742475338,RGS1,0.170615257339,RPL22L1,-0.0822038735077,CSRP1,0.373733688109,VAT1,-0.0113541985456,SERPINA1,0.372141382076,LLGL2,0.00182121670588,A2M,0.263979540923,AKT2,0.04900472316,C8orf4,0.467009050053,CYC1,0.185461779117,TMEM101
70,0.0839506453997,SYTL1,0.0844887380392,C1R,0.236772812504,CKS2,0.0243729910764,GPX3,0.35278094971,PPDPF,-0.0329931969615,VCAN,0.522887340155,RFC4,0.0694374096767,SPRR2D,0.165911771856,ELF3,-0.044223422965,VIM,0.183160297904,PTPRZ1,-0.0120928726001,STAB1,0.360083191411,RPL35A,-0.000858114739288,IL32,0.186657081538,SDC4,0.0506016263064,TAGLN,0.286529851098,TINAGL1,-0.24082730817,CORO1A,0.238410885941,POLR2F,0.216674601392,ZFP36,0.212720774082,APOC3,0.156418611507,FOS,0.243179049106,CDK2AP2,0.0957765096561,EMP3,0.0750806290629,KRT15,0.183572197129,CXCL10,0.444699113833,NDUFA13,0.132202316282,TAGLN,0.093806684262,LRP5,0.0818036122926,FBLN2,0.210302215774,MARC1,-0.0629606703481,CAPG,0.429218707297,RPS18,0.00739945362183,MS4A6A,0.329663399423,CCT6A,-0.0769213827193,COL3A1,0.249392850094,METTL7A,0.0491141671454,PSMB9,0.270700713652,LY6E,0.106080009735,RAMP1
71,0.166866498155,VEGFA,0.0103635545386,IL2RG,-0.13170458208,MAGED2,0.0100204188946,COL3A1,0.150884010777,RPL36A,0.0928270971838,MYH11,0.401917321947,TYMS,-0.0291809576894,COL3A1,0.487737563833,TXN,0.00813093671099,CTSK,0.254843185494,MTSS1L,0.103465854073,CSF1R,0.179911341809,HMGB3,-0.0204968462107,COL5A1,0.187112501414,TMEM141,0.136945535089,CTSS,0.453268936504,SLC2A4RG,0.15974469103,C1R,0.0582822162373,LINGO1,0.0562886455571,MGST1,0.174927170819,PRAP1,0.0174400517569,COL6A1,0.390268361054,RAB25,-0.00447762352226,APOC1,0.27213358333,KLF5,0.0764417178898,COL6A3,0.372286212902,MYL6B,0.0272842707145,EFEMP1,0.293491287817,PKP3,-0.064801362142,CTSK,0.119003839771,RGS10,0.068068031594,FOS,0.344240289916,FAM210B,-0.0791371430116,CECR1,0.44035853671,MIEN1,-0.113943219028,SULF1,-0.0686780802523,BEX2,-0.138281823956,IGFBP6,0.523347444281,ILF2,0.132314464679,CTSS
72,0.266718964083,RAB25,-0.00370853955619,RARRES2,0.500085834871,TOB1,0.0376002416322,IFI16,0.356196167049,CLDN3,0.026946355715,TYROBP,0.123157673324,MIF,0.0359536768312,CCL2,0.527570506473,JUP,-0.134259069869,EMP3,0.115587407417,NFIX,-0.0531210710119,CTSC,0.16408904709,NDUFA4L2,-0.0616185846088,SPARC,-0.130229609541,SUCLG1,0.324335619646,PLTP,0.387315850889,ECI1,0.0678341421188,A2M,0.160939782562,TNK2,0.378317130369,FGFR3,0.145355278565,TTR,0.0382018330138,ARHGDIB,0.261890792562,TSTD1,0.00588091813855,COL6A2,0.434562901843,DVL3,0.0658787951848,ACTA2,0.507963271934,CYC1,0.0847864775144,EMILIN1,-0.0142407533165,B3GNT3,-0.127208314375,OLFML2B,0.164945793488,STEAP1,0.0406935728014,DKK3,0.563457638473,HSP90AB1,0.0966791081061,TMEM176A,0.325090596588,PYCR1,0.0134499106664,PTRF,-0.0246174240559,PAX8,0.0263615470515,RARRES2,0.517280626266,PABPC1,-0.00586203704523,STAB1
73,0.0617219963216,SSH3,0.064944067252,SERPING1,0.236964019363,AP1M2,0.126691052957,CYR61,0.306065303291,CDCA7,0.0816314361088,BGN,0.045455433485,MYL6B,0.0664341159942,A2M,0.389420568263,DDR1,0.261139254124,TIMP3,0.130635943805,SOX2,0.0470054975642,C2,0.176889931122,MZT2A,0.0444570986978,STAT1,0.0863293576789,GABARAPL1,-0.00659708291231,SLCO2B1,0.122207555256,AMACR,0.233704186262,NAT8,0.0846395394065,SCG3,-0.0405264646166,MSN,0.267994548453,SLC2A2,0.106503589829,IGFBP7,0.175209388006,DCXR,0.149172106382,C1S,0.465968678044,DNAJC19,-0.0261651299147,FCER1G,0.371601781174,RPL29,0.016975551643,ISLR,0.175234887885,ANG,-0.0113677433292,GP2,0.152799086079,HEBP2,0.0137688369574,IGFBP4,0.471752123327,CCT3,0.117382733188,GBP1,0.191909317101,PERP,0.0126272480776,C11orf96,-0.0642836066887,PDK4,-0.0185279164844,SPP1,0.558749797183,VDAC2,-0.058141307698,ACP5
74,-0.000441316851749,AKR1C2,0.0310107451006,CTGF,0.222503013915,NUCB2,0.0603821164867,LAPTM5,0.485467087838,PRR15,-0.0483351227325,SPI1,0.168834003243,CDC20,-0.0265853127566,SERPINA1,0.226596369401,CLDN4,0.193270705445,SERPINF1,0.282164291762,SMARCA4,0.119906384509,THEMIS2,0.330214877836,FAM162A,-0.0513446897748,COL6A1,0.251963659386,COQ9,-0.024077791641,SPI1,0.382824846086,LAMA5,-0.0534389359981,TAGLN,0.126856887191,PHLDA1,-0.0536740191389,CSF1R,0.181432165853,AZGP1,0.0914590832271,GMFG,0.013010253267,IGFBP2,0.0646971814988,GPNMB,0.542560885051,ACTL6A,0.0822309737485,TPSAB1,0.521938426971,POLR2H,0.101414583885,SPI1,0.00207197792563,MIF,-0.030430713916,COL1A1,0.0270487983542,FOLH1,0.0210929653906,LYZ,0.455678820479,PFKM,0.020352552653,GMFG,0.148481650856,SLC1A5,-0.0303914003122,LUM,0.00403632106566,ID4,-0.0505952320653,APOC1,0.184853820326,H1FX,0.0307857847116,EMP3
75,0.0955807901203,KRT7,0.260300523947,TNC,0.152027224122,KIAA1324,0.179811647458,ANXA1,0.238461184754,SELENBP1,0.0554263060183,CDH11,0.366415333051,ARL6IP1,0.243811901129,C4B,0.429603083192,ESRP1,0.113449909656,LUM,0.296540455955,PAFAH1B3,0.100714604614,ADORA3,0.213937535194,DCXR,-0.0176690482133,FSTL1,0.255880079201,DHRS7,-0.0598464170338,TYROBP,0.367326059067,MYO15B,0.0889033457525,FOS,0.364432721019,FXYD6,0.352822601403,AEBP1,0.222921084598,DCXR,-0.0408679400706,VIM,0.360562064324,SLC39A4,-0.0830655243518,CXCR4,0.451898020117,MAGEF1,0.0531065731604,THBS2,0.424396777915,RBBP7,0.0297781433135,TGFBI,0.470418805328,RAB25,-0.0850334393318,MGP,0.0683494071189,PPP3CA,0.0601079896016,PALLD,0.386013451524,C6orf48,-0.0826878315259,LST1,0.239705529678,SOX9,0.0991943176396,PALLD,0.0868598412137,DBP,-0.0898638189225,LGALS9,0.184838150699,CACYBP,0.250982849639,COL3A1
76,0.28817945257,CAPS,0.038285048596,ICAM1,0.396308221433,FLNB,0.0923114183171,EGR1,0.064544594026,NOX1,0.0607552159996,TAGLN,0.159828148852,DMKN,0.107710785805,NNMT,0.489902474041,FAM83H,0.0468768111848,COL3A1,0.175736050922,TUBB2B,0.0306532027917,SLC2A5,0.329311083185,KLF5,0.119098785422,GBP2,0.116435112142,BSG,0.183509291588,GBP1,0.198369957915,EPB41L1,0.0818495217217,FN1,0.18977148611,CSPG5,0.134120953246,HOPX,0.160968407889,SORD,0.136508875237,MT1E,0.295132458019,TMEM106C,0.20146843441,SLC34A2,0.126893170604,ALDH1A1,0.0758036119004,MMP1,0.542927224671,TECR,0.0684208189293,LST1,-0.0493248846547,CAPS,0.0151759591334,MMP2,0.080061658659,TRPM4,-0.0523551245285,STOM,0.38387844231,FDFT1,0.0520426201371,LAIR1,0.291080992258,RAB25,-0.0378611025173,MMP2,0.0338981802562,FHL1,0.057567054805,CTSC,0.205582175289,STMN1,0.162604837772,ARHGDIB
77,0.345915577791,KLF5,0.0661228266893,COL5A1,0.277900372112,CERS2,0.14324087921,FOS,0.0439617282723,TSPAN6,-0.0116448572304,ANGPTL2,0.479686984022,HMGB2,0.222446458458,CSTA,0.142896150211,HIST1H2BK,0.0862832854274,ICAM1,0.28556516832,NCAM1,0.025765045767,CP,0.358419531129,MCM7,0.128109585225,C1R,0.0930759522101,DDR1,0.0037433440082,MS4A7,0.408479792102,CDK10,0.177951736725,SEPP1,-0.0295133023383,OLIG1,0.110680856043,GSN,0.216139782035,PIPOX,0.0132296740207,STAB1,0.458986735424,CCT3,0.0259269375665,SRGN,0.176989273899,TXNRD1,-0.0682150692296,TMEM176A,0.410275275013,POLD2,-0.0713235000717,SRGN,0.193906357534,GPRC5C,0.04205731479,SULF1,0.263548701267,SPTBN2,0.0819121605349,PTRF,0.41526689107,AHCY,0.0679687395309,SPI1,0.437550033565,DSG2,-0.0349757999951,TUBA1A,0.205980316447,ECI1,-0.0753619065381,TGM2,0.620689893243,APH1A,0.005541954385,C4B
78,0.223109510543,TMC4,-0.0523231405973,CCL2,0.439909442903,EPCAM,0.0760266367322,C1QC,0.310302500092,GGH,-0.0563919034632,TRIM22,0.117086032625,TMEM205,0.123600042458,CCDC80,0.145406206216,SLC2A1,-0.0413970968746,FN1,0.167135493595,FADS2,-0.0302279246817,CTSZ,0.41513206291,POLR2H,0.201822489668,MX1,0.485064557418,UQCRC1,0.00365399062767,GPSM3,0.140463752045,ODC1,0.0163251081624,AOC1,0.160889864399,C1QL1,-0.0202905581087,RNASE1,0.258746000475,ITIH1,0.114562540041,FXYD5,0.429711017372,CYC1,0.0849877530784,CD68,0.241704642077,PHGDH,0.00186044503679,S100A8,0.416278411935,RPS29,0.127764281653,COL6A2,0.178219131068,EPS8L2,0.0545932953234,CLDN10,0.00607679037596,TMEFF2,0.0954581599981,CYBA,0.324503944048,SNCA,-0.0665611732539,CD4,0.402282048215,ERBB3,0.0799478035227,CCL2,0.0564913103894,DUOX1,-0.0220479411059,TIMP1,0.439354387051,SDHC,0.144108631886,SPON2
79,0.130152124266,AQP3,0.153829958805,APOE,0.359939783755,SMIM22,0.0883059015787,TMEM176B,0.376835767485,SLC39A4,-0.130127489179,ALOX5AP,0.141936565553,KRT7,0.23587960753,TRIM22,0.0318945056546,CLDN7,0.236929163604,MMP2,-0.142748588003,MARCKSL1,0.0499086620088,C3AR1,0.361526070958,EIF4A2,0.0910196871412,LYNX1,0.0332345518646,PDK4,-0.0286283269293,MMP2,0.433461297561,CLDN4,0.0907655101983,S100A4,0.585339437943,EGFR,0.0404223317036,RGS1,0.183896249311,PROC,0.00179974613867,FLNA,0.343508815139,TMEM9,0.00514060725708,S100A8,0.139195182207,SLC6A8,0.0520366425469,KRT7,0.440189377181,RFXANK,0.123645752068,RARRES1,0.146351861896,AP1M2,-0.0859248698039,FCGR2A,0.211753691323,UAP1,0.196180310289,RBPMS,0.242232446448,TBC1D7,0.0897414078821,CXCL12,0.0405901208211,TFF3,-0.0221171891088,COL6A3,0.0136101663988,IYD,0.389536070141,S100A4,-0.0237606263491,MFAP2,0.0757036229681,MGP
80,0.135242085572,ADIRF,-0.0352186660205,COL6A1,0.30622522224,TMEM106C,0.131093200899,PSMB9,0.147239468796,TRABD2A,0.072925472916,CHI3L1,0.216546297066,TMEM9,0.251860748373,C4A,0.339839248372,IDH1,0.124501979794,ACP5,0.0225120124966,TRIB2,-0.144481218389,IL18,0.563222855128,ACTL6A,0.107579067492,SLC15A3,-0.0210179527278,PEBP1,0.0524880073536,LOX,0.141486669872,IGFBP6,0.0257984584243,LGMN,0.0521447101634,ANGPTL2,0.207801576554,SYNM,-0.079358264826,SULT2A1,0.17493510409,CTSS,0.321431277063,ATP1B1,0.0994737679346,TGFBI,0.501741806837,RFC4,0.134622200906,C4A,0.422400269189,LDHB,0.0449308301605,SPARC,0.394583018738,PPDPF,-0.0468388883184,LST1,0.0819768931977,AMACR,0.00270946879329,CTGF,0.196639488144,TRIB2,-0.000185203051035,FMNL1,0.227728125122,LAD1,0.126104528468,RARRES3,0.130433556363,SLC25A29,0.0757687470155,SPOCK2,-0.0427024013641,TUBA1C,0.155927820006,ODF3B
81,0.31691431132,ERBB3,-0.0365839929803,LAPTM5,0.33480974389,STARD10,0.0131519251032,APOE,0.0844915430362,QTRT1,0.122078076625,TYMP,0.240031685846,RTN3,0.0226092633246,KRT16,0.271443590129,G6PD,0.309652931306,SERPINE1,-0.0094044861878,CRMP1,-0.052191317591,LST1,0.204829957554,KRT18,-0.0069132224581,KRT14,0.0590379157493,STARD10,0.0764052548723,AEBP1,0.283913289031,ERBB2,0.175160120639,FXYD5,0.003290209578,OLIG2,-0.101334697886,ITGB2,0.0930230032703,GLUL,0.153482961273,CHI3L1,0.283253367863,SCNN1A,0.0370891804357,COL1A1,0.451331896349,PTGR1,0.0335814089252,CCDC80,0.360027532074,SNRPE,-0.1002488552,FCGR2A,0.310698457619,HID1,-0.120214205007,FCER1G,0.11916941491,PODXL2,0.193956401982,MT1G,-0.13280057176,SLC6A8,-0.0717969974926,CTSS,0.430353493735,JUP,0.16822056922,CD74,0.178650915906,DDIT3,0.0406185748288,RARRES3,0.571479292871,PSMD2,0.00711573006606,C4A
82,0.0475715945639,ID1,-0.0862319354878,EMP3,0.378008402257,ARL6IP1,-0.0105328410842,COL1A1,0.30362317757,PPP1R1B,0.0571784585097,SERPINE1,0.223719842443,STARD10,-0.0544445765718,C3,0.296299510235,MGST1,0.0695190135043,GPNMB,0.196109923432,TRAF4,0.13565938524,CD74,0.209539609796,CLDN1,0.0932743735481,LGALS9,0.135991489503,ACSL1,0.0777672287054,RGS1,0.569886759082,ABHD11,0.0782792283422,NUPR1,0.00627351741419,ETV1,0.00589150534191,CAPN3,-0.0239524221709,TM7SF2,0.00519896333916,ENG,0.197723315277,CLDN3,0.102838933431,C1R,0.361448386494,TFRC,-0.0347308363963,CORO1A,0.528007585424,NDUFB7,0.0219423866553,CD52,0.213124957757,EGLN3,0.00368953893798,CRISPLD2,0.130443440589,EPCAM,-0.00978640864893,MXRA7,0.17526366913,ISYNA1,-0.0405000859009,CHI3L1,0.426356047233,CLDN4,-0.00141025757895,TPM2,0.209806535437,GCSH,-0.000357673973027,S100A2,0.275324224712,IGFBP2,0.097787316947,SAA1
83,0.121257444701,ELF3,0.0206807503308,LST1,0.156120301844,ELP2,0.1804727121,CRYAB,0.156460460752,SPINK1,-0.088833942953,SPARCL1,0.415253457259,UBE2C,0.0743669415646,MMP2,0.0332509015566,PERP,0.15838462102,CYR61,0.160086175954,PHGDH,-0.00376913465767,TNFSF13,0.125926984827,TMPRSS4,0.0753241578203,BST2,0.103074676976,CAMK2N1,0.16017182381,GBP4,-0.176327913247,CLDN2,0.00392743318665,COL1A2,0.0660466254713,TCF12,0.407623150705,CD53,0.173079267012,PDZK1,0.0799550683421,MT1G,0.441679558153,EPCAM,0.145344139357,C3,0.2676748108,SRXN1,-0.0713974373786,EMILIN1,0.0660464611268,LYPD1,0.158444975355,TYMP,0.077083128747,USH1C,-0.0552791169657,CORO1A,-0.00129308909456,MARCKSL1,0.0252364375308,RARRES3,0.292637724431,IMPDH2,0.0715111844999,C1S,0.358448904008,EFNA1,-0.153310234432,CTSK,0.039452334055,HHEX,0.0425929013167,NBL1,0.165790921013,PRAME,0.0501080543138,PYCARD
84,0.142792324791,KRTCAP3,0.053627967186,TIMP2,0.453225435453,SLC9A3R1,0.0769968232718,SPARCL1,0.318129453768,ID1,-0.0605875033625,CTSK,0.287993214743,TOP2A,0.114838368718,S100A7,0.536599888855,DSG2,-0.0992010961786,COL6A3,0.2907504536,NCAN,0.147383727213,HAVCR2,0.362858549459,CD9,-0.0537881435639,S100A8,-0.0268916475449,CA2,0.105536893132,SERPINE1,0.0563848313773,ID2,0.112964412231,ARHGDIB,0.0295347700317,TNR,0.0249382153189,TREM2,0.137356183565,HNF4A,0.0531500410202,THY1,0.0923853876556,GSTP1,0.0415626171866,IL32,0.232774065438,NQO1,0.103073567698,S100A7,0.277643561255,TSTD1,0.17262776799,TIMP3,-0.0733499350695,STARD10,-0.112247574864,VCAN,0.363031662284,GGCT,-0.0292663768693,MMP2,0.446842631332,TOMM20,0.0534631495765,TYROBP,0.372827221597,CDH1,0.0551723946672,CXCR4,-0.0379326734131,MAOA,-0.1035932321,KRT19,0.219329327659,BCAM,0.0630611428819,C1orf186
85,0.0403826413546,TMPRSS4,0.0277750993407,MMP7,0.28327620802,FOXA1,0.0745843387909,CTGF,0.140898459768,PHGR1,0.124974621029,CD52,0.232364632213,KRT18,-0.0280030279814,FN1,0.133057839572,GPX2,0.105871560797,GBP1,-0.0937213608605,MAP2,0.129351501981,C1orf162,0.0766965367538,CLDN7,0.144123048421,PDZK1IP1,0.111008260771,KRT8,0.0182428068038,COL6A2,0.231640189085,EPS8L2,0.0121254264477,CD44,0.154896323849,TMEM100,0.0564083599545,TUBA4A,0.33930608718,APOH,0.149996467703,ACP5,0.449892611173,LAPTM4B,0.0112666993881,CCL2,0.380493560232,PFN2,0.0209580227394,BGN,0.208673464583,PFN2,-0.0328180939782,FCER1G,0.280893786937,PPP1R16A,0.216003246556,C1QA,0.294364496117,TSPAN13,-0.0153302311908,DCN,0.0180158681804,SLC7A5,0.11884914377,IRF1,-0.0875211997178,SLC2A1,-0.056700391419,THY1,0.0942831359472,GNAS,-0.0042341817959,IFITM1,0.302883349437,NT5DC2,0.0876246427496,IDO1
86,0.316979831605,GATA3,0.0765633098259,TGFBI,0.396623346034,CCND1,0.0616949976591,LCP1,0.467245136323,CDX2,-0.0877821241004,COL6A2,0.21067334387,LAPTM4B,0.240175783275,GBP2,0.477645434571,TOP2A,0.254224893669,RARRES3,0.172546844059,MCM7,0.10912432856,ITGB2,0.197971663685,IGFBP2,-0.065908270682,RNASE1,0.313811841108,ACAA2,0.171408723287,PLEKHO1,0.481408522874,RBM39,0.03455755297,FTL,-0.133736113258,GDAP1L1,-0.101126418284,VIM,0.196144740036,CYP3A5,0.0696823417027,LGALS3BP,0.34440085826,PYCR1,0.0214140186648,COL6A1,-0.0554611368637,GSTM3,0.0137032986952,DCN,0.457615639164,NDUFA7,0.135125007422,HOPX,0.0577503006351,FAM83E,0.259196743061,LAPTM5,0.0784212786393,NPY,-0.00922960947939,CD74,0.469103234407,LAPTM4B,-0.0864683390108,FCGR3A,0.153411481216,DHCR24,0.0349208124213,IGFBP4,-0.0599145321568,VEGFA,-0.00105903587976,BST2,0.145593614867,CRABP2,0.169077893956,MMP11
87,0.321891863006,S100P,-0.111030717644,THBS2,0.185358137703,TSPAN13,-0.0209959497925,TYROBP,0.138462670659,ETV4,-0.0249687284928,TIMP2,0.404396296108,KRTCAP3,0.11184833574,CTSS,0.213640600369,SERPINB5,0.128995338508,SULF1,0.450559186802,CKB,0.0579420939518,POSTN,0.286343394731,TSTD1,0.120778349758,ISG15,0.137495867352,CMBL,0.00777871940165,SAMHD1,0.485227486494,MET,-0.0212540625562,PIGR,0.153657880622,HES6,0.124693702521,ITGB4,0.263675961396,KNG1,0.0354824396611,ACTA2,0.371122216271,IMPA2,0.0262078761691,APOE,0.373700116761,TP63,0.10188551941,C2,-0.00879845049999,RPL36A,-0.0292499426765,CD37,0.295144545056,TMC4,0.136937878305,IGFBP5,0.108339102543,C19orf48,0.0846479362866,LGALS3,0.262553028052,S100A1,0.0415601039547,MMP9,0.327546319771,MAL2,0.0261566347818,RARRES2,-0.197686716416,HIST1H1C,-0.064671481869,SCNN1A,0.255575333716,APMAP,-0.0140649010882,SCGB2A1
88,0.0559134632071,KRT13,-0.00354772030003,MYL9,0.461377798788,ERBB3,0.105802293487,APOL1,0.397250828868,RNF43,-0.0215236881802,COL5A2,0.218264395588,BCAM,0.24317329211,DSC3,0.146478965369,KRT8,0.0305036399304,ARHGDIB,0.290585321205,TTYH1,0.0359054020423,COL1A2,0.0542061126754,SLC6A8,0.0577814626424,BGN,0.117691492277,ECI1,-0.00169735194026,LGALS9,0.339644146537,FARP1,0.0609274443949,SOD2,0.153263468431,CACNG4,0.238336427386,CTSZ,-0.0312296814666,APOC4,0.0628048678423,CAPG,0.330049486457,STARD10,-0.0900363052178,FCGR2A,0.0773919290286,AKR1C3,-0.0357354320326,RGS1,0.376022884897,RPL8,-0.0736041376885,RGS1,0.299198073078,SLC6A8,-0.090838266963,FBLN5,-0.0538318477865,SMS,0.0302133101155,EGR1,-0.0728884659205,PLP1,0.145035762339,IL18BP,0.249892048144,SLC39A4,0.0165331434317,AQP1,0.042172949524,NQO1,-0.0128014901061,SERPING1,0.617793487895,UBE2C,0.107877320647,PSMB10
89,0.497100845955,PPARG,-0.00407757562307,IFI30,0.51386820286,RAD21,0.0867571593559,TMEM176A,0.0071409268787,GJB1,-0.0352337786649,APOC1,0.122212632687,NQO1,0.0226292112069,RARRES2,0.445639001909,ANO1,0.172658118839,BGN,-0.0720043571409,C1orf61,0.0972536639146,DCN,0.298685799059,ELF3,0.23838459215,CTSL,0.0572336285954,GOT1,0.0103188204042,ACTA2,0.427057036024,PLXNB1,0.176314684986,DUSP1,0.0916416477792,NEU4,-0.0579761051508,LGALS1,0.304587190042,SERPIND1,0.0611349330353,SLC15A3,0.238916070872,KRTCAP3,-0.0832362838542,A2M,0.162824921706,GCLC,0.00609620716608,LUM,0.403814921278,RPS7,0.152194032043,THBS1,0.157783857823,RASSF7,0.103552617617,IL1R1,0.255138727424,ABCC4,0.0537596770581,IFITM1,0.186341569296,CDK2,-0.0538835615975,FCER1G,0.288994334668,ELF3,-0.024602433907,TSC22D3,0.0126748737355,RAP1GAP,0.150011152875,LGALS1,0.136025307483,WFDC2,0.0908147092807,NBL1
90,0.237706999122,SMIM22,0.0432139547853,MFAP4,0.104865083211,HEBP1,0.0600000141232,ZFP36,0.172645053868,C10orf99,0.00131819395447,DPYSL3,0.179207407081,IGFBP2,0.0700035690608,RAC2,0.280153261596,TPD52,0.104273326422,FSTL1,0.0888423595105,UBE2C,0.0313644488875,CTSH,0.268142896196,ODC1,0.112205095935,ACP5,0.125189752262,FXYD2,-0.0634759281952,STAB1,0.207215974566,DMKN,-0.0336713198708,CPVL,0.165964456882,BCAN,0.181829890061,FCGR1A,0.286204948851,SLC38A3,-0.0219369342283,TMSB4X,0.0283499049306,CBR1,0.158353427426,FBLN1,0.414620068377,EPCAM,-0.108997090455,MGP,0.304762805643,CKS2,-0.0407051393219,CD4,0.35552716695,STX1A,-0.102737791824,C1R,0.179143393053,PYCR1,0.0672679978184,ID3,0.305308241779,SOX10,0.104303535174,TMSB4X,0.27910350118,TMEM45B,-0.00101517615671,BGN,-0.0389642066793,TG,-0.0902910431387,C19orf33,0.330489439737,PTPRF,0.0812388216354,IGFBP4
91,0.0160426888405,CYP4B1,0.0943385542347,S100A8,0.536260778799,CDH1,0.155588077965,CXCL14,0.202275208497,ANO9,-0.0240891320367,MMP12,0.306709788621,SLC39A4,0.110633567909,TGM2,0.244327781696,ODC1,0.023410867181,IL32,0.252395178689,FXYD6,-0.0483493076677,CD37,0.194083045196,AKR1C2,0.289075875904,LAP3,0.381809434912,IMPA2,-0.0248755438536,CD44,0.096209303203,MAL,0.00465463820385,IFITM1,0.0467413774239,LHFPL3,-0.00466086334108,HCLS1,0.283497589086,MLXIPL,0.117198595027,CTGF,0.175824222396,NQO1,0.140330821993,PMP22,0.166693330388,UCHL1,-0.0127997184125,SERPING1,0.301287104476,TMEM106C,0.0276177838187,BGN,0.366845145387,FXYD3,-0.0555139759054,ALOX5AP,0.12257877753,ACACA,0.0418196007594,TIMP3,0.168978356697,ERBB3,0.144021264564,UCP2,0.253349018017,FASN,-0.0234165273351,CYR61,0.0336893339837,MT1F,-0.0673264874479,AEBP1,0.326621952535,CD9,0.0585714828934,SERPING1
92,0.118487329826,HPGD,-0.0516160395904,TMEM176A,0.487404472195,MIEN1,0.0205358306445,COL6A2,0.137588145128,GPX2,-0.050782016179,AIF1,0.267011927944,TFRC,0.136565429482,ACP5,0.316054499442,KLF5,-0.0938283157157,POSTN,-0.24717401353,OLIG1,0.243031725473,CYBB,0.100932294285,CKB,0.331208077226,AQP3,-0.00104270011067,FABP3,-0.0554951132873,SLC15A3,0.0612334792763,C1orf186,0.0558379735946,PLIN2,0.250512215956,SMOC1,0.0918914621883,C1S,0.093021528209,TF,0.160089845287,QSOX1,0.211259730453,UGDH,0.0245002175035,PSMB9,0.439933454295,ABCC5,-0.00699658651127,S100A9,0.358062856302,SLC39A4,0.0942564230237,APOE,0.22311849636,SMIM22,-0.0610406273877,AIF1,0.146099920567,MCCC2,-0.0154942704566,BST2,0.22006629766,MYC,0.0884342937634,TNFRSF1B,0.098824330982,MUC13,0.00140587042979,VIM,0.259205563851,MMP15,0.0702745721866,SLC43A3,0.387295629378,FASN,0.000900167137194,SCGB1D2
93,0.157231915687,UPK2,0.11672172384,SERPINF1,0.366341318572,FKBP4,0.133946308261,VAMP5,0.186553994619,AZGP1,0.00658025346181,GGT5,0.195045032455,KRT8,-0.095471526612,AEBP1,0.389790208079,TFRC,0.0998990974506,TSC22D3,0.0701630951864,HES6,0.0443036564474,HCLS1,0.126036816754,AKR1C1,0.182080650092,SERPINB3,0.192192660293,ACAT1,0.160481315587,FABP7,0.436614281763,CLDN3,0.094731346052,GADD45B,0.27505326085,ZDHHC22,0.0517045231695,C4B,0.203164500918,SERPINC1,-0.0295866511103,RNASE1,0.0578048455438,FASN,0.140742124118,NBL1,0.275339437163,AKR1B10,-0.131864579163,COL5A1,0.26361019055,UQCRH,0.182754663969,BASP1,0.144937296779,TM4SF5,-0.0195007274639,CXCR4,0.215074619089,PPP1R14B,0.011894985714,PDLIM7,0.33858336936,TYR,0.0766976897176,IFI30,0.409775947324,PRSS3,0.0539831226622,EMP3,-0.113780189498,TPO,0.0226673409496,ICAM1,0.181133745065,SLC2A1,0.0119996352706,AGR2
94,0.157422954515,VSIG2,0.0216611776433,ANXA6,0.14633538955,AGR3,-0.0573118432707,COL1A2,0.260276225825,AXIN2,-0.0486680258938,SPARC,0.114604677574,CKB,-0.0998452262278,COL1A2,0.183108582183,NQO1,0.111900764471,TIMP2,-0.233904645219,OLIG2,0.196891150472,CLDN11,0.184834801741,KRT8,0.199448506059,TAP1,0.0299074583804,PHYH,-0.0814675887156,UCP2,0.150653485016,C19orf33,0.2104018169,PLTP,0.327779685219,SEZ6L,-0.054886301107,ANXA11,0.139870182651,AHSG,-0.00300724849297,SDS,0.0577574259574,HMGB3,0.0299191481003,COL1A2,0.26533846067,ALDH3A1,0.087761191412,SLC15A3,0.284875384286,RPL35,-0.0246259464893,TYROBP,0.0819186446616,REG4,-0.0227574105055,ITGB2,0.135143646675,SPON2,-0.0633305851781,MATN2,0.330068544536,EDNRB,0.0453075934117,C1orf162,0.316158471253,EPCAM,0.0724507818068,EHD2,0.078537452192,LIPG,0.0594090810776,DUSP5,0.163787261882,FABP5,0.037906910871,A2M
95,0.0173250642633,AGR2,-0.0802159002413,SPHK1,-0.252091246452,GATA3,0.216209238044,GBP2,0.0442341477927,PRAP1,-0.0577390893385,CD14,0.173003775033,WFDC2,0.0197287827737,CLEC2B,-0.0315057159395,AKR1C1,0.0825178537039,IGFBP7,0.0839652790021,CSPG5,-0.000203495840978,CTSB,0.334354111679,KRTCAP3,0.0238220283439,LUM,0.125929544732,CHCHD10,0.0630159083836,BIRC3,0.158670209021,EPCAM,0.204879505215,GPX3,0.097316056725,SOX4,0.305130659622,TYROBP,0.196284327677,CDHR5,0.160217533116,CD68,0.273254134127,AKR1C1,0.195127438117,ANXA1,0.142711756209,AKR1C2,0.074968174197,TIMP3,0.377391802154,RPL35A,0.117666665859,MMP14,0.050208415388,TFF1,-0.080436562606,PDLIM3,0.257128183326,CAMKK2,-0.0204162029963,IGFBP6,0.284862969393,MLANA,0.0432308447061,PTGDS,0.243711486477,VIL1,0.0229728474435,MSN,0.0480114578266,PDE8B,0.126516364584,STAT1,0.246264918387,ODC1,0.135193030062,FXYD5
96,0.0864191796117,PSCA,0.00759799338954,MYLK,0.436823850145,TPD52,0.029196472526,FBN1,0.179593065765,SLC39A5,-0.114060429107,PDLIM3,-0.0165789219851,AGR2,0.22130389766,C1R,0.0924246139661,EPCAM,0.116263476035,COL6A1,0.185781550348,SOX8,0.0592156339902,C1R,0.0858408533755,GPX2,0.0585386873562,TAGLN,0.148304421998,CDH16,-0.0697701876422,LST1,0.395411480459,LAMB1,0.137583404809,LGALS1,0.0312001479832,SOX8,0.0107158315212,SNCA,0.190508892513,APOA2,-0.0540778444917,CTSC,0.315257849383,AKR1C3,0.0810084350554,TAGLN,0.0403765384223,AKR1C1,-0.00969854031308,CCL2,0.516882450254,PRDX2,0.0204139822602,GPNMB,0.275590565478,MLPH,0.0690587686229,THY1,0.0413783027124,FASN,-0.00105153707417,MFAP4,0.263573580697,PRAME,0.000935410179514,CCL2,0.195052110376,LCN2,-0.149279770153,FCER1G,0.151902508701,C16orf89,0.0585937466528,TAP1,0.256254068647,ITM2C,0.125022566624,TIMP1
97,0.0935259997948,GPX2,0.0257792085512,ACTA2,0.170986885889,SLC39A6,0.0488578647261,COL6A3,0.243093228063,ASCL2,-0.00414049846281,SERPINF1,0.267527130211,PFN2,-0.00393477558014,SERPINF1,0.177105225377,AKR1B10,0.141348913984,GBP2,0.101602204907,BCAN,0.0269695304637,GMFG,0.188854844849,ALDH3A1,-0.078116017987,SPRR2E,-0.0516748847714,AKR1C1,0.0664277100307,EFEMP1,0.214021568742,C14orf105,0.0924811457328,S100A1,0.0368982198854,ASIC4,0.10012686111,AIF1,0.100293881354,AQP9,0.184215878266,MT2A,0.114573081023,ODC1,0.146501844227,LGALS9,0.150779827792,GPX2,0.136860119425,CXCL1,-0.00417879760026,RBP1,0.115969444644,GPX3,-0.0847784616803,PHGR1,-0.0535980468234,COL15A1,-0.0891196902245,TMSB15A,0.0194288698548,ANXA6,0.344972758223,TFAP2A,0.109275810327,APOL1,0.467358441658,UBE2C,0.122371237434,ANXA6,0.0105919478485,MT1G,-0.0484526704162,COL6A2,0.281740052825,TPD52L1,0.198003727811,PDZK1IP1
98,0.0675788546368,SPINK1,0.10522225049,CD74,0.154684818688,COX6C,0.0277008199663,LGALS9,0.132035818724,DPEP1,-0.0957389375016,CYR61,0.0465623113188,CA9,0.0907020672809,KRT15,0.119779147347,AKR1C3,0.166053739284,BST2,0.127182784794,NKAIN4,0.0180132366489,NPC2,0.329847518422,EPCAM,-0.0451236232935,S100A9,0.271517213553,CKB,-0.0605928262545,TPM2,0.156525296647,KRT7,0.00520925729175,COL6A2,-0.0587944698296,DLL3,0.0787741025266,BHLHE41,0.15856278967,CYP2D6,-0.0252456264811,COL4A2,0.178794896231,S100P,0.152130628153,TIMP3,0.161580164035,NTS,0.00417472058625,THY1,0.328726328611,ISYNA1,0.03125165516,ITGA5,0.336976790266,CA9,0.0521061172154,APOC1,0.0425112958591,PEX10,0.188183297482,MT1E,0.198233023044,DCT,0.0817247226316,CRIP1,0.509121147107,TOP2A,-0.0294356864873,COL1A1,0.0231330998646,DUOX2,-0.0677546341356,APOE,0.24880691607,PHGDH,-0.0107466302177,IGFBP7
99,0.12606517266,DHRS2,-0.0623536524992,KRT14,0.102019170213,ESR1,-0.0104313839629,LRP1,0.15845588372,LY6G6D,-0.0167603048883,FSTL1,0.20072341982,EPCAM,0.00125994134016,COL6A2,0.062893587474,AKR1C2,0.0207098497224,COL1A2,0.447238300199,EGFR,0.229174716084,SNX10,0.126099411162,KRT19,0.0566024145788,SERPINF1,0.00726972662951,DEFB1,-0.0411519156983,CECR1,0.328411490892,ID1,0.159880855284,CYP27A1,0.0868702364398,SHD,-0.126701598253,RGS10,0.113181739886,BHMT,0.113739635162,LGALS3,0.254732869751,AKR1C2,0.0777804923916,TGM2,0.441201859652,SOX2,0.0337295992204,RAC2,0.0814195725466,DAPL1,0.242029674651,RAC2,0.0749187710395,TFF3,0.00735738976384,TYROBP,0.0756170881744,HPN,0.170647276284,ADIRF,0.157872124176,PMEL,-0.0221432035665,CD163,0.255709100589,CLDN3,0.0506261248553,COL1A2,-0.140338759776,DUOXA2,0.0761034750376,B2M,0.00960709694756,UCHL1,0.153499642089,MMP2
